Time,Kappa_L1,Alpha_L1,Gamma_L1,Fx_L1,Fy_L1,Fz_L1,Mx_L1,Mz_L1
            0, -0.00110153900459, 0.20111772418, 0.148498013616, 61.9425926208, -12.7095575333, 5092.75683594, -4.36895799637, -0.514416337013
        0.001, -0.0015555890277, 0.200688242912, 0.147859856486, 57.2512779236, -16.7962627411, 5092.66894531, -4.31946468353, -0.337512791157
        0.002, -0.00197033933364, 0.200509488583, 0.147635981441, 50.7998313904, -20.8272380829, 5092.58251953, -4.28283786774, -0.165733918548
        0.003, -0.00234132423066, 0.200337573886, 0.147416487336, 42.8202476501, -24.7746315002, 5092.50146484, -4.24696683884, 0.00267782993615
        0.004, -0.00266205496155, 0.200171843171, 0.147200733423, 33.5549621582, -28.6403656006, 5092.42724609, -4.21181869507, 0.167828500271
        0.005, -0.0029283692129, 0.200012236834, 0.146988540888, 23.2652416229, -32.4262695312, 5092.36035156, -4.17737531662, 0.329803586006
        0.006, -0.00313838082366, 0.199858576059, 0.146779745817, 12.2205753326, -36.1340713501, 5092.30126953, -4.14361953735, 0.488671511412
        0.007, -0.00329228839837, 0.199710547924, 0.146574229002, 0.688638150692, -39.7653923035, 5092.25048828, -4.11053514481, 0.644485890865
        0.008, -0.00339209125377, 0.199567645788, 0.146371871233, -11.0735645294, -43.3217773438, 5092.20849609, -4.07810735703, 0.797288656235
        0.009, -0.00344124226831, 0.199429228902, 0.146172553301, -22.8270244598, -46.8047027588, 5092.17480469, -4.04632282257, 0.947112619877
         0.01, -0.00344426534139, 0.199294626713, 0.145976185799, -34.356300354, -50.2155685425, 5092.15087891, -4.01516723633,  1.0939848423
        0.011, -0.00340635725297, 0.199163243175, 0.145782649517, -45.473236084, -53.5557327271, 5092.13623047, -3.98462796211, 1.23792922497
        0.012, -0.00333300139755, 0.199034675956, 0.145591884851, -56.0188217163, -56.8265151978, 5092.13134766, -3.95469236374, 1.37896859646
        0.013, -0.00322961248457, 0.198908671737, 0.145403787494, -65.8633346558, -60.0291976929, 5092.13671875, -3.9253487587, 1.51712656021
        0.014, -0.0031012413092, 0.19878514111, 0.145218297839, -74.9049530029, -63.1650505066, 5092.15185547, -3.8965857029, 1.65242862701
        0.015, -0.0029523561243, 0.198663979769, 0.145035386086, -83.0671234131, -66.2353286743, 5092.17724609, -3.86839270592, 1.78490293026
        0.016, -0.00278671993874, 0.198545083404, 0.14485502243, -90.2951660156, -69.2412567139, 5092.21240234, -3.84075975418, 1.91457986832
        0.017, -0.00260736513883, 0.198428228498, 0.144677177072, -96.5523986816, -72.1840667725,  5092.2578125, -3.81367659569, 2.04149222374
        0.018, -0.00241665844806, 0.198313087225, 0.144501835108, -101.816360474, -75.0649337769, 5092.31347656, -3.7871336937, 2.16567420959
        0.019, -0.00221643666737, 0.19819933176, 0.144328966737, -106.075462341, -77.8850326538, 5092.37792969, -3.76112103462, 2.28716135025
         0.02, -0.00200818805024, 0.198086693883, 0.144158542156, -109.326293945, -80.6454925537, 5092.45166016, -3.73562932014, 2.40598893166
        0.021, -0.00179325102363, 0.197974964976, 0.143990531564, -111.571884155,  -83.34740448, 5092.53320312, -3.71064805984, 2.52219247818
        0.022, -0.00157300557476, 0.197864100337, 0.143824890256, -112.820793152, -85.9918518066, 5092.62207031, -3.68616771698, 2.63580775261
        0.023, -0.00134903832804, 0.197754144669, 0.14366158843, -113.087104797, -88.5798873901, 5092.71728516, -3.66217851639, 2.74686956406
        0.024, -0.00112327025272, 0.197645142674, 0.143500596285, -112.391113281, -91.1125259399, 5092.81689453, -3.63867139816, 2.85541367531
        0.025, -0.000898039783351, 0.197537139058, 0.143341913819, -110.760520935, -93.5908050537, 5092.91992188, -3.6156373024, 2.96147561073
        0.026, -0.000676137045957, 0.197430074215, 0.14318549633, -108.231956482, -96.0157241821, 5093.02490234, -3.59306669235, 3.06509208679
        0.027, -0.000460788753117, 0.197323858738, 0.143031358719, -104.852554321, -98.3882980347, 5093.13037109, -3.57095074654, 3.16630172729
        0.028, -0.0002555930987, 0.197218388319, 0.142879441381, -100.68145752, -100.709518433, 5093.23486328, -3.54928064346, 3.26514482498
        0.029, -6.44059255137e-05, 0.197113588452, 0.142729744315, -95.7909317017, -102.980407715, 5093.33740234, -3.52804708481, 3.36166548729
         0.03, 0.000108815307613, 0.19700948894, 0.14258223772, -90.2669906616, -105.20198822, 5093.43603516, -3.50724077225, 3.45591115952
        0.031, 0.000260199216427, 0.196906194091, 0.142436876893, -84.2093505859, -107.375289917, 5093.52978516, -3.48685216904, 3.54793429375
        0.032, 0.000386164232623, 0.196803942323, 0.142293646932, -77.730506897, -109.50138092, 5093.61767578, -3.46687245369, 3.63779258728
        0.033, 0.00048361934023, 0.196702986956, 0.142152532935, -70.9540710449, -111.581344604, 5093.69873047, -3.4472925663, 3.72554969788
        0.034, 0.00055014307145, 0.19660359621, 0.142013520002, -64.0122680664, -113.616287231, 5093.77246094, -3.42810320854, 3.81127476692
        0.035, 0.000584124703892, 0.196505948901, 0.141876608133, -57.0427436829, -115.607337952, 5093.83837891, -3.40929579735, 3.89504241943
        0.036, 0.000584856490605, 0.196410208941, 0.141741752625, -50.1849517822, -117.555641174, 5093.89599609, -3.39086127281, 3.97693157196
        0.037, 0.000552573590539, 0.196316510439, 0.141608968377, -43.5762176514, -119.462341309,  5093.9453125, -3.37279057503, 4.05702543259
        0.038, 0.000488441844936, 0.196224942803, 0.141478225589, -37.347820282, -121.328582764, 5093.98632812, -3.35507488251, 4.13540792465
        0.039, 0.000394499744289, 0.196135684848, 0.141349464655, -31.6212444305, -123.155479431, 5094.01953125, -3.33770489693, 4.21216487885
         0.04, 0.000273561832728, 0.196048915386, 0.141222685575, -26.5048408508, -124.944152832, 5094.04541016, -3.3206717968, 4.28737974167
        0.041, 0.000129090854898, 0.195964857936, 0.141097843647, -22.0909976959, -126.695663452, 5094.06347656, -3.30396699905,  4.3611330986
        0.042, -3.49530346284e-05, 0.195883721113, 0.140974894166, -18.4539833069, -128.411056519, 5094.07519531, -3.28758215904, 4.43350076675
        0.043, -0.000214278319618, 0.195805668831, 0.14085380733, -15.6484804153, -130.091323853, 5094.08007812, -3.27150940895, 4.50455188751
        0.044, -0.000404435180826, 0.195730775595, 0.140734553337, -13.7089080811, -131.73739624, 5094.07958984, -3.25574088097, 4.57434940338
        0.045, -0.000600985600613, 0.195659071207, 0.140617087483, -12.6494894028, -133.35017395, 5094.07421875, -3.24026966095, 4.64294672012
        0.046, -0.00079966057092, 0.195590481162, 0.140501379967, -12.4650402069, -134.930496216, 5094.06494141, -3.22508835793, 4.71038770676
        0.047, -0.000996494316496, 0.195524930954, 0.140387356281, -13.1324033737, -136.479110718, 5094.05126953, -3.21019077301, 4.77670907974
        0.048, -0.00118792767171, 0.195462331176, 0.140275001526, -14.6123971939, -137.996734619, 5094.03515625, -3.1955704689, 4.84193754196
        0.049, -0.00137087632902, 0.195402607322, 0.140164256096, -16.8521347046, -139.484054565, 5094.01660156, -3.18122172356,  4.9060921669
         0.05, -0.00154276262037, 0.195345684886, 0.140055060387, -19.7875499725, -140.941650391, 5093.99658203, -3.16713857651, 4.96918535233
        0.051, -0.0017015163321, 0.195291534066, 0.139947384596, -23.3459625244, -142.370117188, 5093.97558594, -3.15331602097, 5.03122472763
        0.052, -0.00184554792941, 0.195240035653, 0.139841169119, -27.4485549927, -143.770004272, 5093.95458984, -3.13974952698, 5.09221124649
        0.053, -0.00197370513342, 0.195191085339, 0.139736399055, -32.0126533508, -145.141799927, 5093.93359375, -3.12643432617, 5.15214395523
        0.054, -0.00208521750756, 0.195144489408, 0.139633029699, -36.9537200928, -146.48600769,  5093.9140625, -3.11336636543, 5.21101951599
        0.055, -0.00217963778414, 0.195100069046, 0.139531031251, -42.1870651245, -147.803070068, 5093.89599609, -3.10054159164, 5.26883268356
        0.056, -0.00225678086281, 0.195057600737, 0.139430373907, -47.6292114258, -149.093444824, 5093.88085938, -3.08795595169,  5.3255777359
        0.057, -0.00231667072512, 0.195016875863, 0.139330998063, -53.1989898682, -150.357574463, 5093.86816406, -3.07560563087, 5.38124847412
        0.058, -0.00235949014314, 0.194977760315, 0.139232903719, -58.8183250427, -151.595840454,   5093.859375, -3.0634868145, 5.43584060669
        0.059, -0.00238554249518, 0.194940090179, 0.139136046171, -64.4128036499, -152.808685303, 5093.85498047, -3.0515961647,  5.4893488884
         0.06, -0.00239522545598, 0.194903761148, 0.139040395617, -69.9120559692, -153.99647522, 5093.85449219, -3.03992986679, 5.54176998138
        0.061, -0.00238901702687, 0.194868654013, 0.138945937157, -75.2500076294, -155.159637451, 5093.85888672, -3.0284845829,  5.5931019783
        0.062, -0.00236747809686, 0.194834619761, 0.138852655888, -80.3650588989, -156.298522949, 5093.86865234, -3.01725721359, 5.64334440231
        0.063, -0.00233126454987, 0.19480150938, 0.138760522008, -85.2002716064, -157.413513184, 5093.88378906, -3.00624418259, 5.69249677658
        0.064, -0.00228115171194, 0.194769173861, 0.138669520617, -89.7035903931, -158.505004883, 5093.90429688, -2.99544262886, 5.74056196213
        0.065, -0.00221805903129, 0.194737434387, 0.138579621911, -93.8281860352, -159.57333374, 5093.93017578, -2.98484873772,  5.7875418663
        0.066, -0.00214307708666, 0.194706141949, 0.138490825891, -97.532875061, -160.618896484, 5093.96142578, -2.97445940971, 5.83344221115
        0.067, -0.00205748551525, 0.194675192237, 0.138403117657, -100.782615662, -161.642028809, 5093.99804688, -2.96427106857, 5.87826824188
        0.068, -0.00196276139468, 0.194644480944, 0.138316452503, -103.549087524, -162.643112183, 5094.03955078, -2.95428085327, 5.92202758789
        0.069, -0.00186057644896, 0.194613978267, 0.138230845332, -105.811302185, -163.622512817, 5094.08544922, -2.94448494911, 5.96473073959
         0.07, -0.00175278016832, 0.194583639503, 0.13814625144, -107.556137085, -164.580581665, 5094.13574219, -2.93488001823, 6.00638771057
        0.071, -0.00164137268439, 0.194553390145, 0.138062700629, -108.778800964, -165.517700195, 5094.18945312, -2.92546272278, 6.04701328278
        0.072, -0.00152846693527, 0.194523230195, 0.137980148196, -109.483184814, -166.434280396, 5094.24658203, -2.91622972488, 6.08662319183
        0.073, -0.00141624151729, 0.194493085146, 0.137898594141, -109.681991577, -167.330703735, 5094.30664062, -2.90717744827, 6.12523603439
        0.074, -0.00130688841455, 0.194462940097, 0.137818053365, -109.396705627, -168.207382202, 5094.36865234, -2.89830231667, 6.16287279129
        0.075, -0.00120255420916, 0.194432780147, 0.137738481164, -108.657333374, -169.064727783, 5094.43261719, -2.88960051537, 6.19955682755
        0.076, -0.00110528036021, 0.194402635098, 0.137659907341, -107.50188446, -169.903182983, 5094.49804688, -2.88106870651,  6.2353143692
        0.077, -0.00101694301702, 0.194372549653, 0.137582287192, -105.975639343, -170.723190308, 5094.56396484, -2.87270283699,   6.270175457
        0.078, -0.000939198536798, 0.194342628121, 0.13750565052, -104.130172729, -171.52520752, 5094.63037109, -2.86449933052, 6.30417013168
        0.079, -0.00087343523046, 0.194312915206, 0.137429967523, -102.022193909, -172.309707642, 5094.69677734, -2.85645413399, 6.33733272552
         0.08, -0.000820737448521, 0.194283545017, 0.137355238199, -99.7122344971, -173.077133179, 5094.76318359, -2.84856390953, 6.36969852448
        0.081, -0.000781862239819, 0.194254592061, 0.137281477451, -97.2632064819, -173.82800293, 5094.82910156, -2.84082460403, 6.40130472183
        0.082, -0.000757229921874, 0.194226130843, 0.137208670378, -94.7389221191, -174.562759399, 5094.89404297, -2.8332324028, 6.43218994141
        0.083, -0.000746928679291, 0.194198235869, 0.137136802077, -92.2026367188, -175.281906128, 5094.95800781, -2.82578372955, 6.46239233017
        0.084, -0.000750730570871, 0.194171011448, 0.137065887451, -89.7156524658, -175.985916138, 5095.02099609, -2.81847453117, 6.49195098877
        0.085, -0.000768117257394, 0.194144532084, 0.136995896697, -87.3360748291, -176.675231934, 5095.08300781, -2.81130170822, 6.52090406418
        0.086, -0.000798313529231, 0.194118887186, 0.136926844716, -85.1176528931, -177.350311279, 5095.14355469,  -2.804261446, 6.54928827286
        0.087, -0.000840325374156, 0.194094181061, 0.136858716607, -83.1088790894, -178.011611938, 5095.20361328, -2.79735016823, 6.57713890076
        0.088, -0.000892981712241, 0.194070503116, 0.136791497469, -81.3522491455, -178.659515381, 5095.26269531, -2.79056453705, 6.60448980331
        0.089, -0.00095497694565, 0.194047927856,  0.1367251724, -79.8837203979, -179.294464111, 5095.32080078, -2.78390192986, 6.63137102127
         0.09, -0.00102491397411, 0.194026529789, 0.136659756303, -78.7323608398, -179.916824341, 5095.37841797, -2.77735877037, 6.65781021118
        0.091, -0.00110134400893, 0.194006338716, 0.136595219374, -77.9202651978, -180.526947021, 5095.43603516, -2.77093243599, 6.68383216858
        0.092, -0.00118280388415, 0.193987369537, 0.136531576514, -77.4625396729, -181.125198364, 5095.49316406, -2.76462054253,  6.7094578743
        0.093, -0.00126784748863, 0.193969637156, 0.136468783021, -77.3675231934, -181.711868286, 5095.55078125, -2.75842022896, 6.73470592499
        0.094, -0.00135507027153, 0.193953171372, 0.136406853795, -77.6370925903, -182.287261963, 5095.60888672, -2.7523291111, 6.75959062576
        0.095, -0.00144312891643, 0.193937957287, 0.136345759034, -78.2671051025, -182.851638794, 5095.66796875, -2.74634552002, 6.78412389755
        0.096, -0.00153075368144, 0.193923994899, 0.136285513639, -79.2478408813, -183.405273438, 5095.72802734, -2.74046707153, 6.80831336975
        0.097, -0.0016167559661, 0.193911284208, 0.136226072907, -80.5645523071, -183.948394775, 5095.78955078, -2.73469185829, 6.83216619492
        0.098, -0.0017000332009, 0.193899810314, 0.13616746664, -82.1979827881, -184.481216431, 5095.85351562, -2.72901844978,  6.8556842804
        0.099, -0.00177957070991, 0.193889543414, 0.136109650135, -84.1249008179, -185.003921509, 5095.91992188, -2.72344517708, 6.87886953354
          0.1, -0.00185444357339, 0.193880438805, 0.136052638292, -86.3186187744, -185.516723633, 5095.98876953, -2.71797060966, 6.90172100067
        0.101, -0.00192381895613, 0.193872407079, 0.135996416211, -88.7495040894, -186.019775391, 5096.06103516, -2.71259355545, 6.92423582077
        0.102, -0.00198695762083, 0.193865433335, 0.13594096899, -91.3854751587, -186.51322937, 5096.13720703, -2.70731282234,  6.9464097023
        0.103, -0.00204321788624, 0.193859413266, 0.13588629663, -94.192489624, -186.997238159, 5096.21728516, -2.70212721825, 6.96823835373
        0.104, -0.00209205946885, 0.193854302168, 0.13583239913, -97.135055542, -187.471923828, 5096.30126953, -2.69703578949,  6.9897146225
        0.105, -0.00213304790668, 0.193850025535, 0.135779246688, -100.17666626, -187.937438965, 5096.39013672, -2.6920375824, 7.01083230972
        0.106, -0.00216586049646, 0.193846523762, 0.135726869106, -103.280342102, -188.393875122, 5096.48388672, -2.68713140488, 7.03158521652
        0.107, -0.0021902914159, 0.193843737245, 0.135675221682, -106.409080505, -188.841369629, 5096.58300781, -2.68231654167, 7.05196523666
        0.108, -0.00220625847578, 0.193841576576, 0.135624319315, -109.526390076, -189.279998779,     5096.6875, -2.67759251595, 7.07196569443
        0.109, -0.00221380754374, 0.193839982152, 0.135574162006, -112.596755981, -189.709884644, 5096.79785156, -2.67295789719, 7.09158086777
         0.11, -0.00221311766654, 0.193838864565, 0.135524734855, -115.586174011, -190.131134033, 5096.91357422, -2.66841244698, 7.11080408096
        0.111, -0.0022045026999, 0.193838149309, 0.13547603786, -118.462669373, -190.54385376, 5097.03466797, -2.66395497322, 7.12963008881
        0.112, -0.00218840898015, 0.193837761879, 0.135428071022, -121.196762085, -190.948120117, 5097.16210938, -2.65958452225,  7.1480550766
        0.113, -0.00216541136615, 0.19383764267, 0.135380834341, -123.761962891, -191.344055176, 5097.29492188, -2.65530061722, 7.16607522964
        0.114, -0.00213620322756, 0.193837732077, 0.135334327817, -126.135185242, -191.731750488, 5097.43359375, -2.65110230446, 7.18368959427
        0.115, -0.00210158340633, 0.193837985396, 0.135288536549, -128.297164917, -192.111343384,   5097.578125, -2.64698839188, 7.20089673996
        0.116, -0.0020624389872, 0.193838357925, 0.135243475437, -130.232696533, -192.482940674, 5097.72802734, -2.64295816422, 7.21769809723
        0.117, -0.00201972643845, 0.193838819861, 0.135199129581, -131.930923462, -192.846664429,  5097.8828125, -2.63901042938, 7.23409605026
        0.118, -0.00197445065714, 0.193839326501, 0.135155513883, -133.385437012, -193.202636719, 5098.04345703, -2.63514447212, 7.25009441376
        0.119, -0.00192764133681, 0.193839862943, 0.135112628341, -134.594329834, -193.551010132, 5098.20849609, -2.63135886192, 7.26569843292
         0.12, -0.00188033038285, 0.193840399384, 0.135070472956, -135.560119629, -193.891937256, 5098.37841797, -2.62765240669, 7.28091526031
        0.121, -0.001833529328, 0.193840920925, 0.135029032826, -136.289642334, -194.22555542, 5098.55273438, -2.62402439117, 7.29575300217
        0.122, -0.00178820698056, 0.193841427565, 0.134988337755, -136.793701172, -194.552017212, 5098.73144531, -2.62047314644,  7.3102221489
        0.123, -0.00174526975024, 0.193841949105, 0.134948387742, -137.086868286, -194.871520996,  5098.9140625, -2.61699748039, 7.32433319092
        0.124, -0.00170554313809, 0.193842470646, 0.134909167886, -137.187011719, -195.184204102, 5099.10058594, -2.61359643936, 7.33809900284
        0.125, -0.00166975695174, 0.193843051791, 0.134870693088, -137.114837646, -195.490280151, 5099.29052734,  -2.610268116, 7.35153198242
        0.126, -0.00163853447884, 0.193843692541, 0.134832963347, -136.893371582, -195.789901733, 5099.48339844, -2.60701155663, 7.36464691162
        0.127, -0.00161238433793, 0.193844437599, 0.134795993567, -136.547454834, -196.083282471,  5099.6796875, -2.60382556915, 7.37745857239
        0.128, -0.00159169675317, 0.193845316768, 0.134759783745, -136.103164673, -196.370574951, 5099.87890625, -2.60070824623, 7.38998222351
        0.129, -0.00157674343791, 0.193846359849, 0.134724318981, -135.587265015, -196.651992798, 5100.08105469, -2.59765863419, 7.40223312378
         0.13, -0.00156767957378, 0.193847611547, 0.134689629078, -135.026733398, -196.927734375, 5100.28515625, -2.59467530251, 7.41422748566
        0.131, -0.00156454904936, 0.193849086761, 0.134655714035, -134.448150635, -197.197952271,  5100.4921875, -2.59175682068, 7.42598104477
        0.132, -0.00156729097944, 0.193850845098, 0.134622558951, -133.877365112, -197.462844849, 5100.70117188, -2.58890175819, 7.43750905991
        0.133, -0.00157574785408, 0.193852931261, 0.134590178728, -133.338989258, -197.722610474, 5100.91259766, -2.58610916138, 7.44882678986
        0.134, -0.00158967473544, 0.193855389953, 0.134558573365, -132.856079102, -197.977386475, 5101.12597656, -2.58337759972,  7.4599480629
        0.135, -0.00160874880385, 0.193858221173, 0.134527757764, -132.449798584, -198.227355957, 5101.34130859, -2.58070611954, 7.47088718414
        0.136, -0.00163257936947, 0.193861499429, 0.134497717023, -132.139175415, -198.472702026, 5101.55908203, -2.57809305191, 7.48165655136
        0.137, -0.00166071846616, 0.19386523962, 0.134468466043, -131.940856934, -198.713546753, 5101.77832031,   -2.57553792, 7.49226856232
        0.138, -0.00169267074671, 0.193869441748, 0.134440004826, -131.869018555, -198.950057983,          5102, -2.57303929329, 7.50273370743
        0.139, -0.00172790279612, 0.193874165416, 0.134412318468, -131.935195923, -199.182357788, 5102.22363281, -2.57059645653, 7.51306152344
         0.14, -0.00176585256122, 0.193879380822, 0.134385421872, -132.148223877, -199.410583496, 5102.44921875, -2.56820845604, 7.52326011658
        0.141, -0.00180593738332, 0.19388513267, 0.134359329939, -132.51423645, -199.634857178, 5102.67724609, -2.56587433815, 7.53333711624
        0.142, -0.00184756226372, 0.19389142096, 0.134334012866, -133.036712646, -199.855300903, 5102.90771484, -2.5635933876, 7.54329824448
        0.143, -0.00189012754709, 0.193898260593, 0.134309500456, -133.716415405, -200.071990967, 5103.14013672, -2.56136512756, 7.55314874649
        0.144, -0.00193303602282, 0.193905621767, 0.134285777807, -134.551589966, -200.28503418,      5103.375, -2.55918860435, 7.56289100647
        0.145, -0.00197570072487, 0.193913534284, 0.134262830019, -135.537963867, -200.494522095, 5103.61279297, -2.55706357956,  7.5725274086
        0.146, -0.00201755249873, 0.19392195344, 0.134240701795, -136.668991089, -200.700531006, 5103.85351562, -2.55498933792, 7.58205986023
        0.147, -0.00205804733559, 0.193930879235, 0.134219348431, -137.935897827, -200.903121948, 5104.09667969, -2.55296564102, 7.59148836136
        0.148, -0.00209667417221, 0.193940296769, 0.134198784828, -139.327972412, -201.102371216, 5104.34326172, -2.55099201202, 7.60081148148
        0.149, -0.00213296222501, 0.193950161338, 0.134179025888, -140.832672119, -201.298309326, 5104.59277344, -2.54906797409, 7.61002779007
         0.15, -0.00216648774222, 0.193960472941, 0.13416005671, -142.43598938, -201.490997314, 5104.84570312, -2.54719352722, 7.61913442612
        0.151, -0.00219688052312, 0.193971171975, 0.134141877294, -144.122573853, -201.680496216,  5105.1015625, -2.54536795616, 7.62812900543
        0.152, -0.00222382927313, 0.193982243538, 0.13412450254, -145.876113892, -201.86680603, 5105.36132812, -2.54359149933, 7.63700771332
        0.153, -0.0022470864933, 0.193993657827, 0.134107902646, -147.679550171, -202.049972534, 5105.62451172, -2.5418639183, 7.64576625824
        0.154, -0.00226647267118, 0.19400537014, 0.134092107415, -149.515411377, -202.230041504, 5105.89160156, -2.54018473625,  7.6544008255
        0.155, -0.00228187791072, 0.194017350674, 0.134077101946, -151.366119385, -202.407028198, 5106.16210938, -2.53855395317, 7.66290712357
        0.156, -0.00229326426052, 0.194029569626, 0.134062886238, -153.214248657, -202.580963135, 5106.43603516, -2.53697133064, 7.67128133774
        0.157, -0.00230066454969, 0.194041952491, 0.134049475193, -155.042877197, -202.751861572, 5106.71435547, -2.53543686867, 7.67951869965
        0.158, -0.0023041816894, 0.194054499269, 0.134036839008, -156.835845947, -202.919754028, 5106.99560547, -2.53395032883, 7.68761634827
        0.159, -0.00230398424901, 0.194067150354, 0.134025007486, -158.57800293, -203.084655762,    5107.28125, -2.5325114727, 7.69556999207
         0.16, -0.00230030226521, 0.194079890847, 0.134013980627, -160.255477905, -203.24659729,  5107.5703125, -2.53112030029, 7.70337772369
        0.161, -0.00229342118837, 0.194092676044, 0.134003728628, -161.855895996, -203.405609131, 5107.86279297, -2.52977609634, 7.71103620529
        0.162, -0.0022836739663, 0.194105491042, 0.133994281292, -163.368530273, -203.561721802, 5108.15869141, -2.52847933769, 7.71854448318
        0.163, -0.00227143359371, 0.19411829114, 0.133985638618, -164.784484863, -203.714950562, 5108.45849609, -2.52722907066, 7.72590112686
        0.164, -0.00225710426457, 0.194131061435, 0.133977770805, -166.096710205, -203.865356445, 5108.76123047, -2.52602553368, 7.73310565948
        0.165, -0.00224111229181, 0.194143787026, 0.133970722556, -167.300201416, -204.012969971, 5109.06689453, -2.52486824989, 7.74015855789
        0.166, -0.00222389772534, 0.194156438112, 0.133964464068, -168.391906738, -204.157821655, 5109.37597656, -2.5237569809, 7.74706077576
        0.167, -0.00220590387471, 0.194169014692, 0.133959010243, -169.37071228, -204.299972534, 5109.68798828, -2.52269101143, 7.75381374359
        0.168, -0.00218757102266, 0.194181501865, 0.133954361081, -170.237503052, -204.439453125, 5110.00244141, -2.52167034149, 7.76042032242
        0.169, -0.00216932664625, 0.19419388473, 0.133950516582, -170.994934082, -204.576339722, 5110.31933594, -2.52069449425, 7.76688289642
         0.17, -0.00215157819912, 0.194206163287, 0.133947476745, -171.647384644, -204.710678101, 5110.63916016, -2.51976275444,  7.7732052803
        0.171, -0.00213470775634, 0.194218352437, 0.133945256472, -172.200805664, -204.842529297, 5110.96044922, -2.51887464523, 7.77939176559
        0.172, -0.00211906549521, 0.194230437279, 0.13394382596, -172.66255188, -204.971954346, 5111.28466797, -2.51803016663, 7.78544664383
        0.173, 0.00955869629979, 0.216038897634, 0.09489184618, 0.910282611847, -252.783828735, 10774.9384766, -2.07570838928, 15.3413000107
        0.174, 0.00976466201246, 0.267756491899, 0.0934912413359, 58.5697479248, -252.022232056,   10760.28125, -1.99592971802, 15.3005828857
        0.175, 0.00928335264325, 0.303998172283, 0.0963472872972, 115.745437622, -253.126586914, 10727.8886719, -2.15335583687, 15.3087720871
        0.176, 0.00812943186611, 0.339111030102, 0.100671589375,  168.80770874, -255.237548828, 10680.0224609, -2.38329744339, 15.3564853668
        0.177, 0.00627932930365, 0.372913062572, 0.10644004494, 214.350280762, -258.313537598, 10617.1132812, -2.68292140961, 15.4436588287
        0.178, 0.00377834681422, 0.405091434717, 0.113620094955, 248.987686157, -262.309295654, 10539.6132812, -3.04835057259, 15.5709161758
        0.179, 0.000728711194824, 0.435384392738, 0.122172482312, 269.709625244, -267.172454834, 10448.0517578, -3.47491550446, 15.7387800217
         0.18, -0.00272090127692, 0.463595062494, 0.132053390145, 274.157684326, -272.84387207, 10343.0146484, -3.95734930038, 15.9469556808
        0.181, -0.00638896552846, 0.489587336779, 0.143214970827, 260.837768555, -279.258056641, 10225.1367188, -4.48989725113, 16.1936206818
        0.182, -0.0100765675306, 0.513277888298, 0.155605763197, 229.258377075, -286.343444824, 10095.0927734, -5.0664191246, 16.4748630524
        0.183, -0.0135831460357, 0.534626066685, 0.169170856476, 179.989624023, -294.022827148, 9953.59082031, -5.68047380447, 16.7844753265
        0.184, -0.0167212579399, 0.553627490997, 0.183851853013, 114.641822815, -302.213897705, 9801.37207031, -6.32539796829, 17.1141700745
        0.185, -0.0193291660398, 0.570306122303, 0.199586972594, 35.7659759521, -310.830505371, 9639.20117188, -6.99437570572, 17.4542808533
        0.186, -0.0212805755436, 0.584707140923, 0.216311082244, -53.3169631958, -319.783996582, 9467.86328125, -7.68050670624, 17.7947998047
        0.187, -0.0224911011755, 0.596889913082, 0.233955845237, -148.744857788, -328.985321045, 9288.16015625, -8.37687206268, 18.1265525818
        0.188, -0.0229213815182, 0.606923520565, 0.252449810505, -246.381225586, -338.347045898, 9100.90332031, -9.07659626007, 18.4422512054
        0.189, -0.0225769113749, 0.614882528782, 0.271718710661, -342.094390869, -347.785339355, 8906.91015625, -9.77291679382, 18.7371635437
         0.19, -0.0277852416039, 0.558924913406, 0.330450117588, -502.882873535, -391.882537842, 11339.8173828, -15.6430397034, 20.6390991211
        0.191, -0.0278393309563, 0.57323038578, 0.348185569048, -623.317321777, -399.288024902, 11123.4912109, -16.3881034851, 20.7668113708
        0.192, -0.0263993367553, 0.587428569794, 0.371069908142, -738.16784668, -407.577545166, 10892.4824219, -17.3862247467, 20.8516845703
        0.193, -0.0240240190178, 0.598532617092, 0.395392596722, -839.631408691, -416.091491699, 10649.1484375, -18.3932170868, 20.9220619202
        0.194, -0.0208246596158, 0.606607317924, 0.421054005623, -923.455749512, -424.714416504, 10394.5244141, -19.3958511353, 20.9839000702
        0.195, -0.0169575177133, 0.611730933189, 0.447962969542, -986.370910645, -433.343048096, 10129.6582031, -20.381696701, 21.0434303284
        0.196, -0.0126132089645, 0.613985002041, 0.476023733616, -1026.22302246, -441.884552002,   9855.609375, -21.3384914398, 21.1053600311
        0.197, -0.00800320599228, 0.613459944725, 0.505135953426, -1042.01916504, -450.256317139, 9573.45605469, -22.2543201447, 21.1714248657
        0.198, -0.00334552605636, 0.610261261463, 0.53519487381, -1033.8963623, -458.385528564, 9284.28320312, -23.1178035736, 21.2396411896
        0.199, 0.00114954425953, 0.604515612125, 0.566091537476, -1003.03448486, -466.20916748,     8989.1875, -23.9182758331, 21.3043060303
          0.2, 0.00529276579618, 0.596374630928, 0.597712755203, -951.525939941, -473.674072266, 8689.27050781, -24.6459388733, 21.3566513062
        0.201, 0.00892735365778, 0.586016952991, 0.62994158268, -883.459777832, -480.470581055, 8385.63867188, -25.2953395844,   21.35405159
        0.202, 0.0119453947991, 0.573667228222, 0.662673354149, -825.956420898, -481.194244385, 8079.39453125, -25.9238796234, 20.6627635956
        0.203, 0.0144327133894, 0.559895455837, 0.696106910706, -756.284545898, -481.112792969, 7771.65966797, -26.4712200165, 19.9212360382
        0.204, 0.0163195710629, 0.544611155987, 0.729797005653, -677.499389648, -480.188201904, 7463.51025391, -26.9162750244, 19.1299915314
        0.205, 0.0176084358245, 0.528055787086, 0.763611793518, -592.813598633, -478.440093994, 7156.00537109, -27.2545185089, 18.2911682129
        0.206, 0.018336981535, 0.510471463203, 0.797417223454, -505.265563965, -475.897399902, 6850.18066406, -27.4829959869, 17.4104690552
        0.207, 0.0185707174242, 0.492093205452, 0.831077575684, -417.574188232, -472.596801758, 6547.04492188, -27.6003551483, 16.4965324402
        0.208, 0.0183942839503, 0.473143160343, 0.864456057549, -332.032989502, -468.580871582, 6247.57421875, -27.606880188, 15.5599279404
        0.209, 0.0628710612655, 0.269641131163, 0.90493619442, -317.303741455, -372.529937744, 3209.09765625, -15.4132556915, 7.00703859329
         0.21, 0.0604734756052, 0.230005681515, 0.939439713955, -72.4477539062, -362.094451904, 2932.14233398, -14.7264375687, 6.01073122025
        0.211, 0.0571869798005, 0.195722877979, 0.968774557114, 146.238128662, -350.099517822, 2671.00537109, -13.924993515,  5.0255241394
        0.212, 0.0532561801374, 0.163046836853, 0.996297419071, 332.086914062, -336.657897949, 2425.22583008, -13.0851554871, 4.07610464096
        0.213, 0.0489523299038, 0.132043629885, 1.02189433575, 480.499206543, -321.770904541,   2195.421875, -12.2234163284, 3.19343304634
        0.214, 0.0445276796818, 0.10273232311, 1.04545795918, 589.560546875, -305.578460693, 1982.11791992, -11.3556070328, 2.40464615822
        0.215, 0.0401984639466, 0.0750844925642, 1.06688535213, 660.211181641, -288.38571167, 1785.74304199, -10.4967107773, 1.73109304905
        0.216, 0.036130182445, 0.0490292683244, 1.08607625961, 695.932678223, -270.648284912, 1606.63415527, -9.66085624695, 1.18522083759
        0.217, 0.0324282161891, 0.0244616009295, 1.10293531418, 702.046081543, -252.915405273, 1445.04174805, -8.8613910675, 0.767993092537
        0.218, 0.0291351880878, 0.001253020484, 1.11737501621, 684.817687988, -235.748565674, 1301.13903809, -8.11093044281, 0.469007968903
        0.219, 0.0262349285185, -0.0207403283566, 1.12932097912, 650.589660645, -219.639358521, 1175.03112793, -7.42132377625, 0.269738525152
         0.22, 0.0236620474607, -0.0416746176779, 1.13871574402, 605.097106934, -204.94418335, 1066.77282715, -6.80357265472, 0.148276388645
        0.221, 0.0213164612651, -0.0617039129138, 1.14552021027, 553.057678223, -191.842514038, 976.386535645, -6.26770067215, 0.0834443047643
        0.222, 0.0190870799124, -0.0808574333787, 1.14971840382, 498.037750244, -180.315261841, 903.831298828, -5.82230854034, 0.0570396371186
        0.223, 0.0168950036168, -0.0986248627305, 1.15134727955,  442.54498291, -170.135192871, 848.750488281, -5.47273588181, 0.0540968589485
        0.224, 0.0147290965542, -0.113708116114, 1.15062892437, 388.273803711, -160.867553711, 809.602233887, -5.21542739868, 0.0617503076792
        0.225, 0.00367511599325, 0.0879610106349, 1.14508903027,             0,             0,             0,             0,             0
        0.226, 0.00475754588842, 0.0782493576407, 1.14894628525,             0,             0,             0,             0,             0
        0.227, 0.00468884268776, 0.0620967708528, 1.14163243771,             0,             0,             0,             0,             0
        0.228, 0.00410095416009, 0.046442180872, 1.13252222538,             0,             0,             0,             0,             0
        0.229, 0.00305255781859, 0.0310852974653, 1.12170219421,             0,             0,             0,             0,             0
         0.23, 0.00163306377362, 0.0159071162343, 1.10924577713,             0,             0,             0,             0,             0
        0.231, -4.73579384561e-05, 0.000855973863509, 1.09522283077,             0,             0,             0,             0,             0
        0.232, -0.00186783354729, -0.0140696400777, 1.07970583439,             0,             0,             0,             0,             0
        0.233, -0.00370669923723, -0.0288709048182, 1.06277346611,             0,             0,             0,             0,             0
        0.234, -0.00545054627582, -0.043566249311, 1.04450774193,             0,             0,             0,             0,             0
        0.235, -0.00700175948441, -0.0581843145192, 1.02499198914,             0,             0,             0,             0,             0
        0.236, -0.0082841264084, -0.0727597102523, 1.00430881977,             0,             0,             0,             0,             0
        0.237, -0.00924636423588, -0.087328992784, 0.982539653778,             0,             0,             0,             0,             0
        0.238, -0.00986358337104, -0.101927235723, 0.959763109684,             0,             0,             0,             0,             0
        0.239, -0.0101368585601, -0.116588458419, 0.936055004597,             0,             0,             0,             0,             0
         0.24, -0.0100911241025, -0.131344377995, 0.911487936974,             0,             0,             0,             0,             0
        0.241, -0.00977168232203, -0.146214693785, 0.886131286621,             0,             0,             0,             0,             0
        0.242, -0.00923967547715, -0.161209508777, 0.860050678253,             0,             0,             0,             0,             0
        0.243, -0.00856681447476, -0.176327645779, 0.833308160305,             0,             0,             0,             0,             0
        0.244, -0.00782971549779, -0.191558137536, 0.805962979794,             0,             0,             0,             0,             0
        0.245, -0.00710419286042, -0.206881970167, 0.778071284294,             0,             0,             0,             0,             0
        0.246, -0.00645988853648, -0.222274333239, 0.749686717987,             0,             0,             0,             0,             0
        0.247, -0.00595560250804, -0.23770698905, 0.720860362053,             0,             0,             0,             0,             0
        0.248, -0.00563564151525, -0.253150910139, 0.69164121151,             0,             0,             0,             0,             0
        0.249, -0.00552745210007, -0.268578857183, 0.662076175213,             0,             0,             0,             0,             0
         0.25, -0.00564067950472, -0.283962935209, 0.632210016251,             0,             0,             0,             0,             0
        0.251, -0.00596767524257, -0.299280881882, 0.602085828781,             0,             0,             0,             0,             0
        0.252, -0.00648531876504, -0.314520686865, 0.571744740009,             0,             0,             0,             0,             0
        0.253, -0.00715790642425, -0.329677045345, 0.541226148605,             0,             0,             0,             0,             0
        0.254, -0.00794078595936, -0.344750702381, 0.510567843914,             0,             0,             0,             0,             0
        0.255, -0.00878436397761, -0.359747201204, 0.479806065559,             0,             0,             0,             0,             0
        0.256, -0.00963812600821, -0.374675393105, 0.448975414038,             0,             0,             0,             0,             0
        0.257, -0.012019761838, -0.38793027401, 0.418108999729, 41.0554161072, -43.3138160706, 96.1654052734, -0.134727776051, -0.00504100415856
        0.258, -0.0177072621882, -0.39865681529, 0.384992390871, 21.7855224609, -31.5229759216, 414.411407471, -0.83405983448, -0.00797379668802
        0.259, -0.0213539730757, -0.406778484583, 0.354888230562, -38.9651908875, -23.1368732452, 696.708129883, -1.39999437332, -0.0501944385469
         0.26, -0.023366805166, -0.414204031229, 0.324882596731, -96.2590713501, -16.0380630493, 981.771911621, -1.84563601017, -0.11701156199
        0.261, -0.0243734978139, -0.420205295086, 0.295180678368, -155.549987793, -9.24226951599, 1268.59411621, -2.18921279907, -0.207835361362
        0.262, -0.0246406458318, -0.424349695444, 0.265938669443, -216.403030396, -2.41007351875, 1556.17138672, -2.43810868263, -0.323674052954
        0.263, -0.0243207942694, -0.42637938261, 0.237270459533, -277.498016357, 4.58872270584, 1843.52099609, -2.59716892242, -0.46540299058
        0.264, -0.0235221181065, -0.426115065813, 0.209271624684, -337.37689209, 11.7990493774, 2129.68432617, -2.67100453377, -0.633414506912
        0.265, -0.0223372504115, -0.423421859741, 0.182025805116, -394.637115479, 19.2222614288, 2413.73022461, -2.66463756561, -0.827467679977
        0.266, -0.0208535101265, -0.418198287487, 0.15560695529, -448.020751953,  26.833272934, 2694.75878906, -2.58365130424, -1.04661047459
        0.267, -0.01915515773, -0.410373270512, 0.130080327392, -496.468719482, 34.5888977051, 2971.90478516, -2.43416690826, -1.28914475441
        0.268, -0.0173221956939, -0.399908185005, 0.105503067374, -539.154602051, 42.4326133728, 3244.34155273, -2.22275280952, -1.55262494087
        0.269, -0.0154278343543, -0.386802613735, 0.0819243565202,        -575.5, 50.2978248596, 3511.28491211, -1.95630502701, -1.83388626575
         0.27, -0.0135357771069, -0.371094852686, 0.0593856871128, -605.173828125, 58.1105003357, 3771.99682617, -1.64191782475, -2.12909913063
        0.271, -0.0116979172453, -0.352863252163, 0.0379210337996, -628.075805664, 65.7914733887,  4025.7890625, -1.28675913811, -2.43384838104
        0.272, -0.00995286367834, -0.332226157188, 0.0175571255386, -644.307312012, 73.2585983276, 4272.02685547, -0.897952258587, -2.74323177338
        0.273, -0.00832544732839, -0.309340268373, -0.00168634590227, -654.132324219, 80.4288406372, 4510.13183594, -0.482467323542, -3.05204033852
        0.274, -0.00682728271931, -0.28439733386, -0.0197964478284, -657.931518555, 87.2202224731, 4739.58789062, -0.0470267608762, -3.35539197922
        0.275, -0.00545828184113, -0.257619172335, -0.0367667153478, -656.155639648, 93.5534210205, 4959.93994141, 0.401978164911, -3.64708399773
        0.276, -0.00420896196738, -0.229239314795, -0.0525968819857, -649.27947998, 99.3542022705, 5170.79833984, 0.858550012112, -3.92153644562
        0.277, -0.00306329410523, -0.199478775263, -0.0672916024923, -637.76373291, 104.554214478, 5371.83105469, 1.31711113453, -4.17334079742
        0.278, -0.00200181128457, -0.16853775084, -0.0808591768146, -622.025268555, 109.091514587, 5562.75292969, 1.77250611782, -4.39736032486
        0.279, -0.00100470229518, -0.136588662863, -0.0933101847768, -602.420166016, 112.910766602, 5743.31884766, 2.21998524666, -4.58880710602
         0.28, -5.46292212675e-05, -0.10377125442, -0.10465631634, -579.238586426, 115.963104248, 5913.31152344, 2.65517520905, -4.74330091476
        0.281, 0.00086095178267, -0.070189781487, -0.114909179509, -552.71295166, 118.205848694, 6072.53369141, 3.07403945923, -4.85690832138
        0.282, 0.00174814125057, -0.0359112992883, -0.124079093337, -523.036010742, 119.601951599, 6220.79589844, 3.47282767296, -4.92616653442
        0.283, 0.00260572973639, -0.000988983782008, -0.132174044847, -490.387939453, 120.119384766, 6357.91064453, 3.84802365303, -4.94809436798
        0.284, 0.00342517113313, 0.034400574863, -0.139200881124,  -454.9659729, 119.731338501, 6483.71191406, 4.19638681412, -4.92024612427
        0.285, 0.00419120583683, 0.0699096173048, -0.145170494914, -417.013305664, 118.420196533, 6598.11083984, 4.51515007019, -4.84092378616
        0.286, 0.00488311238587, 0.10503347218, -0.150102525949, -376.844268799, 116.182380676, 6701.14648438, 4.80220937729, -4.70944595337
        0.287, 0.00547648360953, 0.13911485672, -0.154029265046, -334.863586426, 113.032608032, 6793.02832031, 5.05629587173, -4.52637720108
        0.288, 0.00594536354765, 0.171305760741, -0.157000571489, -291.575592041, 109.008003235, 6874.18945312, 5.27720069885, -4.29372596741
        0.289, 0.00626441044733, 0.200706332922, -0.159088507295, -247.582977295, 104.172592163, 6945.32861328, 5.46596860886, -4.01512384415
         0.29, 0.00641091587022, 0.226797685027, -0.160384953022, -203.580474854, 98.6167297363, 7007.35839844, 5.62476921082, -3.6957514286
        0.291, 0.00636687874794, 0.249819487333, -0.160982146859, -160.349868774, 92.4433746338, 7061.18408203, 5.75602388382, -3.34165620804
        0.292, 0.00612140772864, 0.270088940859, -0.160956978798, -118.74269104, 85.7472839355, 7107.57763672, 5.86178684235, -2.95866966248
        0.293, 0.0056716077961, 0.288525015116, -0.160374060273, -79.6464538574, 78.6129302979, 7147.16064453, 5.94380331039, -2.55219078064
        0.294, 0.00502392649651, 0.306065052748, -0.159260764718, -43.9613227844, 71.0962142944, 7180.18652344, 6.00240564346, -2.12638282776
        0.295, 0.00419435603544, 0.323074132204, -0.157626762986, -12.5429935455, 63.2283782959, 7206.76367188, 6.03742980957, -1.68416309357
        0.296, 0.003207371803, 0.339619845152, -0.155476763844, 13.8487520218, 55.0313682556, 7226.96484375, 6.04866886139, -1.22790646553
        0.297, 0.00209438684396, 0.355695456266, -0.152815520763, 34.5914955139, 46.5254821777, 7240.87011719, 6.03603887558, -0.759796798229
        0.298, 0.000891960866284, 0.371280372143, -0.149647548795, 49.2302627563, 37.7309913635, 7248.56591797,  5.9995470047, -0.281909197569
        0.299, -0.000360212288797, 0.386333972216, -0.145977646112, 57.4988098145, 28.6686096191,  7250.1484375, 5.93931102753, 0.203767374158
          0.3, -0.00162143725902,  0.4007987082, -0.141811668873, 59.3307380676,  19.360086441, 7245.73193359,  5.8555855751, 0.695287883282
        0.301, -0.00285211578012, 0.414605766535, -0.137156963348, 54.8599891663, 9.82874298096, 7235.45117188, 5.74878120422, 1.19070410728
        0.302, -0.00401567481458, 0.427690953016, -0.132022678852, 44.4108390808, 0.0997752770782, 7219.46435547, 5.61946296692, 1.68802380562
        0.303, -0.0050801881589, 0.439998328686, -0.126419663429, 28.4784450531, -9.79988574982, 7197.94873047, 5.46834230423, 2.18519258499
        0.304, -0.0060196025297, 0.451479464769, -0.12036024034, 7.70184659958, -19.8418064117, 7171.10107422,  5.2962603569, 2.68009185791
        0.305, -0.00681452546269, 0.462093085051, -0.113858230412, -17.1686477661, -29.9963035583, 7139.13330078,   5.104180336, 3.17055058479
        0.306, -0.00745253590867, 0.471804797649, -0.106928817928, -45.307346344, -40.2327194214, 7102.27294922, 4.89317464828, 3.65436983109
        0.307, -0.0079280519858, 0.480586767197, -0.0995884537697, -75.8499832153, -50.519733429, 7060.76025391, 4.66441202164, 4.12935972214
        0.308, -0.00824178941548, 0.488417506218, -0.0918547958136, -107.929023743, -60.8256912231, 7014.84863281, 4.41914653778, 4.59338521957
        0.309, -0.00839991215616, 0.495281249285, -0.0837466195226, -140.705505371, -71.118927002, 6964.80078125, 4.15870475769,  5.0444111824
         0.31, -0.00841294880956, 0.501168072224, -0.075283780694, -173.395706177, -81.3680953979, 6910.88916016, 3.88447546959, 5.48054456711
        0.311, -0.00829459447414, 0.506073474884, -0.0664871111512, -205.291534424, -91.5424728394, 6853.39404297, 3.59789514542,  5.9000711441
        0.312, -0.00806049350649, 0.509998381138, -0.0573784001172, -235.774337769, -101.612281799, 6792.60253906, 3.30043745041, 6.30148172379
        0.313, -0.00772708375007, 0.512949407101, -0.0479803234339, -264.321929932, -111.548881531, 6728.80712891, 2.99360156059, 6.68348550797
        0.314, -0.00731058837846, 0.514938414097, -0.0383163914084, -290.509765625, -121.325073242,  6662.3046875, 2.67889928818, 7.04501819611
        0.315, -0.0068261930719, 0.515982747078, -0.0284109152853, -314.006744385, -130.915206909, 6593.39501953, 2.35784268379, 7.38523817062
        0.316, -0.00628746952862, 0.516104996204, -0.0182889029384, -334.567504883, -140.295394897, 6522.38085938, 2.03193211555, 7.70352220535
        0.317, -0.00570604298264, 0.515332460403, -0.00797600951046, -352.021789551, -149.443618774, 6449.56445312, 1.70264434814, 7.99944972992
        0.318, -0.00509151723236, 0.513696670532, 0.00250154198147, -366.262756348, -158.339782715, 6375.24804688, 1.37141942978,  8.2730512619
        0.319, -0.00445163063705, 0.511232793331, 0.0131170321256, -377.23550415, -166.965667725, 6299.73291016, 1.03965079784, 8.52489566803
         0.32, -0.00379260559566, 0.507978916168, 0.023843318224, -384.926452637, -175.304824829, 6223.31835938, 0.708672523499, 8.75426673889
        0.321, -0.00311963236891, 0.503975629807, 0.0346530415118, -389.354980469, -183.343185425, 6146.29833984, 0.379751801491, 8.96140575409
        0.322, -0.00243742298335, 0.499265044928, 0.0455185510218, -390.567260742, -191.068634033, 6068.96386719, 0.0540833137929, 9.14668369293
        0.323, -0.00175076338928, 0.493890404701, 0.0564120672643, -388.632965088, -198.471054077, 5991.60009766, -0.267220556736, 9.31058979034
        0.324, -0.00106500228867, 0.487895667553, 0.0673057883978, -383.644470215, -205.542251587, 5914.48583984, -0.583135783672,  9.4537191391
        0.325, -0.000386422674637, 0.481325000525, 0.0781719908118, -375.717956543, -212.275939941, 5837.89355469, -0.89273160696,  9.5767583847
        0.326, 0.000277537998045, 0.474222302437, 0.0889831706882, -364.996368408, -218.667633057, 5762.08691406, -1.19517433643, 9.68048000336
        0.327, 0.000918234873097, 0.466630965471, 0.0997121110559, -351.652740479, -224.714645386, 5687.32226562, -1.48972940445, 9.76573085785
        0.328, 0.00152593024541, 0.458593636751, 0.110332019627, -335.893737793, -230.415939331, 5613.84667969, -1.77576208115, 9.83343029022
        0.329, 0.00209006085061, 0.450151950121, 0.120816625655, -317.962310791, -235.772140503, 5541.89794922, -2.05273747444, 9.88456535339
         0.33, 0.00259963260032, 0.441346436739, 0.131140291691, -298.139282227, -240.785385132, 5471.70361328, -2.32021808624, 9.92018604279
        0.331, 0.00304371071979, 0.432216703892, 0.141278102994, -276.742706299, -245.459274292, 5403.48144531, -2.57786178589, 9.94140720367
        0.332, 0.0034119670745, 0.422801315784, 0.151205971837, -254.125442505, -249.798736572,     5337.4375, -2.82541656494, 9.94940757751
        0.333, 0.00369524187408, 0.413137704134, 0.160900712013, -230.670227051, -253.809967041, 5273.76757812, -3.06271719933,  9.9454240799
        0.334, 0.00388607964851, 0.403262108564, 0.170340150595, -206.782821655, -257.500366211, 5212.65527344, -3.28967833519, 9.93075180054
        0.335, 0.00397919258103, 0.393209666014, 0.179503187537, -182.882919312, -260.878265381,  5154.2734375, -3.50628829002, 9.90673065186
        0.336, 0.00397181743756, 0.383014261723, 0.188369870186, -159.393722534, -263.95300293,    5098.78125, -3.71260118484, 9.87474060059
        0.337, 0.00386393675581, 0.372708410025, 0.196921437979, -136.730560303, -266.734649658, 5046.32714844, -3.90873146057,  9.8361787796
        0.338, 0.003658343805, 0.362323135138, 0.205140411854, -115.289199829, -269.233917236,   4997.046875, -4.09484386444, 9.79244041443
        0.339, 0.00336055387743, 0.351887911558, 0.213010624051, -95.4345169067, -271.462005615,     4951.0625, -4.27114629745, 9.74489688873
         0.34, 0.00297856610268, 0.341430574656, 0.220517218113, -77.4903717041, -273.430328369, 4908.48486328, -4.43788290024, 9.69487094879
        0.341, 0.00252250302583, 0.330977201462, 0.227646738291, -61.731048584, -275.150512695, 4869.41210938, -4.59532546997, 9.64360809326
        0.342, 0.00200415728614, 0.320552200079, 0.234387129545, -48.3748245239, -276.634155273, 4833.92822266, -4.74376487732, 9.59225559235
        0.343, 0.00143647915684, 0.31017819047, 0.240727782249, -37.5798568726, -277.892669678, 4802.10644531, -4.88350629807, 9.54184341431
        0.344, 0.000833042897284, 0.299876183271, 0.246659487486, -29.4425373077, -278.937194824, 4774.00634766, -5.01486110687, 9.49326610565
        0.345, 0.000207522549317, 0.28966537118, 0.252174496651, -23.9981517792, -279.778411865, 4749.67626953, -5.13813924789, 9.44727611542
        0.346, -0.000426795450039, 0.279564827681, 0.257266551256, -21.2237453461, -280.426574707, 4729.15136719, -5.25364589691, 9.40447902679
        0.347, -0.00105743983295, 0.269597768784, 0.261930942535, -21.0428733826, -280.891387939, 4712.45361328, -5.36167764664, 9.36533546448
        0.348, -0.0016730936477, 0.259792238474, 0.266164928675, -23.3318786621, -281.182098389, 4699.58789062, -5.46252202988, 9.33016109467
        0.349, -0.00226384028792, 0.250180631876, 0.269968003035, -27.9271583557, -281.30758667, 4690.54199219, -5.55645847321, 9.29914093018
         0.35, -0.00282130949199, 0.240799203515, 0.273342102766, -34.6330184937, -281.276519775, 4685.28222656, -5.64375829697, 9.27234268188
        0.351, -0.00333872996271, 0.23168733716, 0.276291787624, -43.2296218872, -281.097412109, 4683.75439453, -5.72468709946, 9.24972724915
        0.352, -0.00381088908762, 0.222886383533, 0.278824478388, -53.4806900024, -280.778747559, 4685.88037109, -5.79950284958, 9.23117351532
        0.353, -0.00423403736204, 0.214447915554, 0.280950516462, -65.1406097412, -280.329040527, 4691.55810547, -5.86846160889, 9.21648311615
        0.354, -0.00460575614125, 0.206464007497, 0.282684415579, -77.9611282349, -279.757019043, 4700.64941406, -5.93183231354, 9.20537948608
        0.355, -0.00492471456528, 0.199055761099, 0.284046888351, -91.697265625, -279.072357178, 4712.96191406, -5.98993825912, 9.19750499725
        0.356, -0.00519040226936, 0.192347899079, 0.285065770149, -106.111442566, -278.286346436, 4728.24658203, -6.04317331314, 9.19244289398
        0.357, -0.00540288630873, 0.186443403363, 0.285775512457, -120.975891113, -277.411987305, 4746.20263672, -6.09200239182, 9.18975257874
        0.358, -0.00556261325255, 0.181400358677, 0.286215305328, -136.073623657, -276.463745117, 4766.49316406, -6.13694858551, 9.18899536133
        0.359, -0.00567023735493, 0.177189141512, 0.286425948143, -151.198028564, -275.457000732, 4788.77539062, -6.17855405807, 9.18978595734
         0.36, -0.00572661682963, 0.17371429503, 0.286445021629, -166.151672363, -274.406433105, 4812.73730469, -6.21731185913, 9.19182300568
        0.361, -0.00573288882151, 0.17087456584, 0.286305069923, -180.746139526, -273.324951172, 4838.10791016, -6.25364255905,  9.1948633194
        0.362, -0.00569049967453, 0.168590024114, 0.286034286022, -194.80279541, -272.223327637, 4864.64892578, -6.28790807724,  9.1986989975
        0.363, -0.00560119980946, 0.166794672608, 0.285657703876, -208.153701782, -271.110900879, 4892.14697266, -6.32042980194, 9.20314884186
        0.364, -0.00546707725152, 0.165431141853, 0.28519743681, -220.642425537, -269.995605469, 4920.41113281, -6.35149478912, 9.20806026459
        0.365, -0.00529060931876, 0.164448350668, 0.284673124552, -232.12487793, -268.884399414, 4949.27001953, -6.38136339188, 9.21330738068
        0.366, -0.00507472734898, 0.163800239563, 0.284102112055, -242.47038269, -267.783172607,  4978.5703125, -6.41026878357,  9.2187871933
        0.367, -0.00482287909836, 0.163445129991, 0.28349968791, -251.563064575, -266.697021484, 5008.17431641, -6.43842077255, 9.22441387177
        0.368, -0.00453907251358, 0.16334554553, 0.282879292965, -259.303466797, -265.630310059, 5037.95849609, -6.46601009369, 9.23012065887
        0.369, -0.004227894824, 0.163467943668, 0.282252669334, -265.610351562, -264.586639404, 5067.81298828, -6.49320650101, 9.23585033417
         0.37, -0.00389449344948, 0.16378235817, 0.281630039215, -270.422454834, -263.569091797, 5097.63964844, -6.52016305923, 9.24155902863
        0.371, -0.0035445173271, 0.164262130857, 0.281020313501, -273.700378418, -262.580200195, 5127.35107422, -6.54701852798, 9.24720859528
        0.372, -0.00318402331322, 0.164883553982, 0.280431210995, -275.428039551, -261.62197876, 5156.86914062, -6.57389593124, 9.25276756287
        0.373, -0.00281935208477, 0.165625542402, 0.279869377613, -275.613739014, -260.696166992, 5186.12402344, -6.60090589523, 9.25821018219
        0.374, -0.00245697959326, 0.166469350457, 0.279340535402, -274.290802002, -259.804077148, 5215.05371094, -6.62814664841, 9.26351451874
        0.375, -0.00210335408337, 0.167398378253, 0.278849512339, -271.517608643, -258.946777344, 5243.60351562, -6.65570640564,  9.2686624527
        0.376, -0.00176472810563, 0.168397814035, 0.27840051055, -267.376739502,      -258.125, 5271.72460938, -6.68366241455, 9.27364063263
        0.377, -0.00144699041266, 0.16945438087, 0.277996957302, -261.973815918, -257.339385986, 5299.37353516, -6.71208238602, 9.27844238281
        0.378, -0.00115550553892, 0.170556232333, 0.277641713619, -255.435409546, -256.590332031, 5326.51220703, -6.74102544785, 9.28306388855
        0.379, -0.000894969794899, 0.171692714095, 0.277337133884, -247.906448364, -255.878036499, 5353.10742188, -6.7705411911, 9.28750991821
         0.38, -0.000669288332574, 0.172854170203, 0.277085095644, -239.546936035, -255.20262146, 5379.13037109, -6.80067205429, 9.29179382324
        0.381, -0.000481482362375, 0.174031898379, 0.276886940002, -230.528488159, -254.564071655, 5404.55615234, -6.83145332336, 9.29593276978
        0.382, -0.000333630479872, 0.175217971206, 0.276743710041, -221.030273438, -253.962234497, 5429.36328125, -6.86291122437, 9.29995632172
        0.383, -0.000226848336752, 0.176405102015, 0.276656031609, -211.234939575, -253.396865845, 5453.53466797, -6.89506626129, 9.30389690399
        0.384, -0.000161306190421, 0.17758667469, 0.276624202728, -201.324554443, -252.867584229, 5477.05615234, -6.92793178558, 9.30779457092
        0.385, -0.000136280810693, 0.17875662446, 0.276648163795, -191.476593018, -252.373947144, 5499.91601562, -6.96151542664, 9.31169605255
        0.386, -0.000150236504851, 0.179909750819, 0.276727646589, -181.860351562, -251.915390015, 5522.10595703, -6.99581813812, 9.31564712524
        0.387, -0.000200926864636, 0.181042209268, 0.276862055063, -172.633728027, -251.491210938, 5543.62011719, -7.03083467484, 9.31969547272
        0.388, -0.000285507761873, 0.182151407003, 0.277050673962, -163.940567017, -251.100662231, 5564.45410156, -7.06655836105, 9.32388687134
        0.389, -0.000400655611884, 0.183235749602, 0.277292728424, -155.908462524, -250.742919922, 5584.60449219, -7.10297727585, 9.32826137543
         0.39, -0.00054268509848, 0.184294447303, 0.277587264776, -148.647216797, -250.41708374, 5604.06933594, -7.14007949829, 9.33285427094
        0.391, -0.000707662315108, 0.18532730639, 0.277933359146, -142.247772217,  -250.1222229, 5622.84814453, -7.17785024643, 9.33769130707
        0.392, -0.000891509465873, 0.186334609985, 0.278330117464, -136.781707764, -249.857345581, 5640.93945312, -7.21627569199, 9.34278964996
        0.393, -0.00109009887092, 0.187316939235, 0.278776586056, -132.301086426, -249.62147522, 5658.34277344, -7.25534105301, 9.34815597534
        0.394, -0.00129933364224, 0.188275083899, 0.279271870852, -128.838882446, -249.413543701, 5675.05810547, -7.29503059387, 9.35378742218
        0.395, -0.00151521386579, 0.189210042357, 0.279815107584, -126.409622192, -249.23248291, 5691.08544922, -7.3353304863, 9.35966682434
        0.396, -0.00173388747498, 0.19012285769, 0.280405461788, -125.010253906, -249.07723999, 5706.42529297, -7.37622690201, 9.36576843262
        0.397, -0.00195168575738, 0.191014528275, 0.281042188406, -124.621391296, -248.94670105, 5721.07666016, -7.41770601273, 9.37205314636
        0.398, -0.00216514663771, 0.191885635257, 0.281724572182, -125.208450317, -248.839767456, 5735.04003906, -7.45975542068, 9.37847614288
        0.399, -0.00237102853134, 0.192736431956, 0.282451868057, -126.72303009, -248.755310059, 5748.31640625, -7.50236129761, 9.38498020172
          0.4, -0.00256632012315, 0.193566918373, 0.283223360777, -129.104232788, -248.692214966, 5760.90576172, -7.54551076889, 9.39150333405
        0.401, -0.00274824746884, 0.194376826286, 0.28403839469, -132.280014038, -248.649291992, 5772.80957031, -7.58919048309, 9.39797687531
        0.402, -0.00291428389028, 0.195165678859, 0.284896194935, -136.168457031, -248.625396729, 5784.02978516, -7.63338565826, 9.40432548523
        0.403, -0.00306216301396, 0.19593283534, 0.285796046257, -140.679260254, -248.619338989, 5794.56884766, -7.67808055878, 9.41047286987
        0.404, -0.00318989576772, 0.196677491069, 0.286737143993, -145.714935303, -248.629898071, 5804.42871094, -7.72325801849, 9.41633987427
        0.405, -0.0032957913354, 0.197398751974, 0.287718683481, -151.172393799, -248.655883789, 5813.61376953, -7.76890087128, 9.42184448242
        0.406, -0.00337848044001, 0.198095604777, 0.288739740849, -156.944259644, -248.696044922, 5822.12744141, -7.81498861313, 9.42690753937
        0.407, -0.00343693816103, 0.198766991496, 0.28979948163, -162.920455933, -248.749145508, 5829.97412109, -7.86150074005, 9.43144989014
        0.408, -0.00347050721757, 0.199411824346, 0.29089692235, -168.989807129, -248.813980103, 5837.16015625, -7.90841341019, 9.43539714813
        0.409, -0.00347891682759, 0.200028941035, 0.292030990124, -175.041625977, -248.889266968, 5843.68994141, -7.95570230484, 9.43867588043
         0.41, -0.00346229947172, 0.200617134571, 0.293200671673, -180.967422485, -248.973815918, 5849.57128906, -8.00334072113, 9.44121742249
        0.411, -0.00342120043933, 0.201175197959, 0.294404804707, -186.662582397, -249.066375732, 5854.81152344, -8.05130004883, 9.44295883179
        0.412, -0.00335658085532, 0.201701894403, 0.29564216733, -192.028060913, -249.165740967, 5859.41748047, -8.09954929352, 9.44384098053
        0.413, -0.00326981046237, 0.202196002007, 0.296911537647, -196.971984863, -249.270721436, 5863.39892578, -8.14805698395, 9.44381332397
        0.414, -0.00316264969297, 0.202656298876, 0.298211574554, -201.411315918, -249.380142212, 5866.76464844, -8.19678878784, 9.44282722473
        0.415, -0.00303721870296, 0.20308162272, 0.299540877342, -205.273162842, -249.492858887, 5869.52441406, -8.24570655823, 9.44084262848
        0.416, -0.00289595755748, 0.203470855951, 0.300898015499, -208.496124268, -249.607757568, 5871.68994141, -8.29477310181, 9.43782329559
        0.417, -0.00274157081731, 0.203822940588, 0.302281439304, -211.031295776, -249.723724365, 5873.27197266, -8.34394931793, 9.43373966217
        0.418, -0.00257696886547, 0.204136878252, 0.303689569235, -212.843063354, -249.83972168, 5874.28271484, -8.39319229126, 9.42856884003
        0.419, -0.00240519852377, 0.204411774874, 0.305120766163, -213.909484863, -249.954742432, 5874.73535156, -8.44245815277, 9.42229175568
         0.42, -0.00222937390208, 0.204646781087, 0.306573331356, -214.222625732, -250.067810059, 5874.64306641, -8.49170398712, 9.41489505768
        0.421, -0.00205260585062, 0.204841166735, 0.308045506477, -213.788284302, -250.177978516, 5874.02050781, -8.54088115692, 9.40637207031
        0.422, -0.00187793269288, 0.204994291067, 0.309535473585, -212.625549316, -250.284362793, 5872.88232422, -8.58994483948, 9.39671993256
        0.423, -0.00170825654641, 0.205105617642, 0.311041384935, -210.766174316, -250.386138916, 5871.24365234, -8.63884544373, 9.38594341278
        0.424, -0.00154628476594, 0.20517475903, 0.312561273575, -208.253463745, -250.48248291, 5869.12109375, -8.68753433228, 9.37404918671
        0.425, -0.00139447883703, 0.205201432109, 0.314093261957, -205.141143799, -250.572647095, 5866.53173828, -8.73596000671,  9.3610534668
        0.426, -0.00125501258299, 0.205185517669, 0.31563526392, -201.491943359, -250.655914307,  5863.4921875, -8.78407478333, 9.34697437286
        0.427, -0.00112973887008, 0.205127000809, 0.31718531251, -197.376037598, -250.731613159, 5860.02001953, -8.83182621002, 9.33183670044
        0.428, -0.00102016830351, 0.20502603054, 0.318741321564, -192.869415283, -250.799118042, 5856.13378906, -8.87916469574, 9.31567001343
        0.429, -0.000927457469516, 0.204882889986, 0.320301234722, -188.052200317, -250.857849121, 5851.85205078, -8.92603874207,  9.2985086441
         0.43, -0.000852407305501, 0.204697996378, 0.32186293602, -183.007003784, -250.907241821, 5847.19384766, -8.97239875793, 9.28039169312
        0.431, -0.000795470608864, 0.204471901059, 0.323424309492, -177.817260742, -250.946807861, 5842.17822266, -9.01819705963, 9.26136112213
        0.432, -0.000756766530685, 0.204205319285, 0.324983298779, -172.565643311, -250.976043701, 5836.82421875, -9.06338214874, 9.24146366119
        0.433, -0.000736100715585, 0.203899070621, 0.32653772831, -167.332717896, -250.994506836, 5831.15136719, -9.10790920258, 9.22074604034
        0.434, -0.000732989399694, 0.203554168344, 0.328085541725, -162.195541382, -251.001800537, 5825.17919922, -9.15173053741, 9.19926071167
        0.435, -0.000746685604099, 0.203171744943, 0.329624682665, -157.226547241, -250.997543335, 5818.92773438, -9.19480228424, 9.17705726624
        0.436, -0.000776207249146, 0.202753081918, 0.331153124571, -152.492553711, -250.98135376, 5812.41601562, -9.23708057404, 9.15418815613
        0.437, -0.000820365734398, 0.202299565077, 0.332668811083, -148.053878784, -250.952926636, 5805.66357422, -9.2785243988, 9.13070392609
        0.438, -0.000877794635016, 0.201812759042, 0.334169834852, -143.963668823, -250.911956787, 5798.68945312, -9.31909561157, 9.10665512085
        0.439, -0.000946978572756, 0.20129430294, 0.335654318333, -140.267349243, -250.858154297, 5791.51220703, -9.35875701904, 9.08208751678
         0.44, -0.00102628138848, 0.200745970011, 0.337120354176, -137.002258301, -250.791275024, 5784.14990234, -9.39747333527, 9.05704784393
        0.441, -0.00111397332512, 0.200169637799, 0.338566243649, -134.197311401, -250.711090088, 5776.62060547, -9.43521308899, 9.03157711029
        0.442, -0.00120825786144, 0.19956728816, 0.339990288019, -131.872970581, -250.617385864, 5768.94189453, -9.47194862366, 9.00571250916
        0.443, -0.00130729668308, 0.198941022158, 0.341390877962, -130.041168213, -250.509979248, 5761.13037109, -9.50765037537,  8.9794883728
        0.444, -0.00140923517756, 0.198292970657, 0.342766523361, -128.705429077, -250.388717651, 5753.20166016, -9.54229736328, 8.95293331146
        0.445, -0.00151222595014, 0.197625368834, 0.344115793705, -127.861122131, -250.253479004, 5745.17138672, -9.57586765289, 8.92607307434
        0.446, -0.00161445350386, 0.196940496564, 0.345437437296, -127.495758057, -250.104110718, 5737.05371094, -9.60834217072, 8.89892578125
        0.447, -0.00171415845398, 0.196240663528, 0.346730262041, -127.589370728, -249.940582275, 5728.86230469, -9.63970756531,   8.871509552
        0.448, -0.00180966197513, 0.195528209209, 0.347993195057, -128.115066528, -249.762802124, 5720.60986328, -9.66995048523, 8.84383392334
        0.449, -0.001899390365, 0.194805428386, 0.349225282669, -129.039596558, -249.570739746, 5712.30810547, -9.69906139374, 8.81590843201
         0.45, -0.0019818986766, 0.19407466054, 0.350425690413, -130.324035645, -249.364425659, 5703.96826172, -9.72703361511, 8.78773593903
        0.451, -0.00205589295365, 0.193338155746, 0.351593703032, -131.924575806, -249.143875122, 5695.59912109, -9.75386333466, 8.75931930542
        0.452, -0.00212387158535, 0.192654877901, 0.352728903294, -133.793334961, -248.909133911, 5687.20947266, -9.77955341339, 8.73065376282
        0.453, -0.00218533258885, 0.192114889622, 0.353837668896, -135.894699097, -248.662246704, 5678.80859375, -9.80432128906, 8.70177841187
        0.454, -0.00222173472866, 0.191697672009, 0.354926973581, -138.191802979, -248.407226562, 5670.41259766, -9.82839679718, 8.67282390594
        0.455, -0.00221017003059, 0.191349938512, 0.356002032757, -140.569229126, -248.147216797, 5662.03808594, -9.85196208954, 8.64386940002
        0.456, -0.00213085673749, 0.190988719463, 0.357064157724, -142.817199707, -247.883560181, 5653.70458984, -9.87508392334, 8.61490631104
        0.457, -0.00197589118034, 0.190539702773, 0.358110100031, -144.648483276, -247.615142822, 5645.42675781, -9.89769268036, 8.58582115173
        0.458, -0.00175372604281, 0.189970880747, 0.359133541584, -145.752349854, -247.338867188, 5637.21484375, -9.91962623596, 8.55641841888
        0.459, -0.00148751272354, 0.189305081964, 0.36012801528, -145.865585327, -247.051055908, 5629.07519531, -9.94071102142, 8.52649307251
         0.46, -0.00120810023509, 0.188607290387, 0.361089557409, -144.83380127, -246.749084473, 5621.01025391, -9.96085166931, 8.49589920044
        0.461, -0.000944713247009, 0.187953770161, 0.362018495798, -142.640197754, -246.432525635, 5613.02197266, -9.98006820679, 8.46460819244
        0.462, -0.00071713514626, 0.187398016453, 0.362918913364, -139.393432617, -246.103302002, 5605.11621094, -9.99849700928, 8.43271446228
        0.463, -0.000532337871846, 0.186948955059, 0.363796681166, -135.282608032, -245.764892578, 5597.30224609, -10.0163249969, 8.40040302277
        0.464, -0.000386397558032, 0.186570540071, 0.364656805992, -130.519790649, -245.420944214, 5589.59472656, -10.0337190628, 8.36788749695
        0.465, -0.000270214950433, 0.186201035976, 0.365501493216, -125.292808533, -245.074005127, 5582.00927734, -10.0507612228, 8.33534622192
        0.466, -0.000176067798748, 0.185782283545, 0.366329312325, -119.744216919, -244.724838257, 5574.55957031, -10.0674285889, 8.30288696289
        0.467, -0.00010195140203, 0.185285225511, 0.367136359215, -113.978927612, -244.372528076, 5567.25634766, -10.0836238861, 8.27054786682
        0.468, -5.15072642884e-05, 0.184725195169, 0.36791831255, -108.089836121, -244.01550293, 5560.10546875, -10.0992336273, 8.23832988739
        0.469, -3.28101668856e-05, 0.184072196484, 0.368671417236, -102.182235718, -243.652557373,   5553.109375, -10.1141529083, 8.20624828339
         0.47, -6.10057795711e-05, 0.183382436633, 0.369390904903, -96.3922576904, -243.281784058, 5546.26611328, -10.1282453537, 8.17430782318
        0.471, -0.000147601633216, 0.182736411691, 0.370076835155, -90.915687561, -242.903137207, 5539.57128906, -10.1415100098,  8.1425819397
        0.472, -0.000293039018288, 0.182203516364, 0.370733529329, -85.9902496338, -242.518768311,  5533.0234375, -10.1540746689, 8.11123466492
        0.473, -0.000482906325487, 0.181809723377, 0.371368050575, -81.8470687866, -242.132583618, 5526.62646484, -10.1661491394,   8.080493927
        0.474, -0.000690152519383,   0.181527704, 0.371987432241, -78.6478424072, -241.748840332, 5520.39013672, -10.1779518127, 8.05057811737
        0.475, -0.000882358232047, 0.181291550398, 0.372595906258, -76.4336776733, -241.37059021, 5514.32666016, -10.1896209717, 8.02162647247
        0.476, -0.00103101017885, 0.18102735281, 0.373193532228, -75.1065368652, -240.998672485, 5508.44677734, -10.2011766434, 7.99364805222
        0.477, -0.0011189871002, 0.180685266852, 0.37377679348, -74.4507904053, -240.631591797,  5502.7578125, -10.2125339508, 7.96651697159
        0.478, -0.00114317552652, 0.180259093642, 0.374340564013, -74.1857223511, -240.266418457, 5497.25976562, -10.2235527039, 7.94002008438
        0.479, -0.00111214246135, 0.179786473513, 0.374880731106, -74.0272979736, -239.900131226, 5491.94726562, -10.2341184616, 7.91392469406
         0.48, -0.00104048172943, 0.179327592254, 0.375396102667, -73.7378005981, -239.53086853,     5486.8125, -10.2441959381, 7.88804483414
        0.481, -0.000941889302339, 0.178935870528, 0.375888884068, -73.1496810913, -239.158569336, 5481.84765625, -10.2538490295,  7.8622803688
        0.482, -0.000824683345854, 0.178633794188, 0.376363605261, -72.1591491699, -238.784759521, 5477.04980469, -10.2632064819,  7.8366150856
        0.483, -0.000691356777679, 0.178404346108, 0.376824855804, -70.7010955811, -238.411560059, 5472.41992188, -10.2724084854, 7.81107902527
        0.484, -0.000541862274986, 0.178200647235, 0.377275377512,  -68.72315979, -238.040603638, 5467.96240234, -10.2815389633, 7.78570365906
        0.485, -0.000378617056413, 0.177968323231, 0.377714931965, -66.174621582, -237.672302246, 5463.68066406, -10.2905979156, 7.76048564911
        0.486, -0.000210534490179, 0.177669838071, 0.378140598536, -63.0169754028, -237.305618286, 5459.57519531, -10.2995014191, 7.73538160324
        0.487, -5.33574384463e-05, 0.177283003926, 0.37854796648, -59.2510147095, -236.938690186, 5455.64257812, -10.3081188202, 7.71033287048
        0.488, 6.86189523549e-05, 0.176800563931, 0.378931850195, -54.9443740845, -236.569229126, 5451.87158203, -10.3162822723, 7.68529129028
        0.489, 0.000122510042274, 0.176262155175, 0.37928751111, -50.2653121948, -236.195129395, 5448.24707031, -10.3238315582, 7.66025066376
         0.49, 8.0033125414e-05, 0.175726801157, 0.379613399506, -45.5152664185, -235.815734863, 5444.75097656, -10.3306903839, 7.63530635834
        0.491, -7.6225536759e-05, 0.175249159336, 0.379911273718, -41.1046409607, -235.432327271,  5441.3671875, -10.3368768692,  7.6106672287
        0.492, -0.000347944005625, 0.17485769093, 0.380185216665, -37.503112793, -235.047729492, 5438.08349609, -10.3424787521, 7.58662986755
        0.493, -0.000720534473658, 0.174546703696, 0.38043987751, -35.1712875366, -234.665496826, 5434.89453125, -10.3476104736, 7.56352090836
        0.494, -0.00116685917601, 0.174284085631, 0.380678683519, -34.4924850464, -234.288696289, 5431.79833984, -10.3523550034, 7.54162454605
        0.495, -0.0016535227187, 0.174029558897, 0.380902916193, -35.7224884033, -233.919128418, 5428.79296875, -10.3567352295, 7.52112340927
        0.496, -0.00214725825936, 0.173754185438, 0.381111621857, -38.967414856, -233.55708313, 5425.87646484, -10.3607177734, 7.50207138062
        0.497, -0.00261923670769, 0.173452600837, 0.381302982569, -44.189201355, -233.201644897, 5423.04199219, -10.3642396927, 7.48439979553
        0.498, -0.00304593984038, 0.173143520951, 0.381475538015, -51.2290306091, -232.851394653, 5420.28076172, -10.3672485352, 7.46795320511
        0.499, -0.0034089924302, 0.172853991389, 0.381629258394, -59.833732605, -232.505142212, 5417.58105469, -10.3697338104, 7.45252752304
          0.5, -0.00369467097335, 0.172591045499, 0.381765514612, -69.6806335449, -232.162216187, 5414.93164062, -10.3717241287,  7.4379029274
        0.501, -0.00389172835276, 0.172299638391, 0.381884336472, -80.3996505737, -231.821807861, 5412.32177734, -10.3732051849,  7.4238524437
        0.502, -0.0039921393618, 0.171988666058, 0.381983339787, -91.585647583, -231.481643677, 5409.73632812, -10.3740940094, 7.41009426117
        0.503, -0.00399256497622, 0.171672657132, 0.382061719894, -102.813415527, -231.13973999, 5407.15869141, -10.3743476868, 7.39635181427
        0.504, -0.00389588158578, 0.171351894736, 0.382119297981, -113.658348083, -230.794509888, 5404.57128906, -10.3739385605,   7.382376194
        0.505, -0.00371246412396, 0.171018481255, 0.382155418396, -123.722915649, -230.444458008, 5401.95458984, -10.3728246689, 7.36794805527
        0.506, -0.00346006336622, 0.17067104578, 0.382169276476, -132.667633057, -230.088088989, 5399.29052734, -10.3709554672, 7.35288476944
        0.507, -0.00316177681088, 0.170319616795, 0.382160186768, -140.24029541, -229.72416687, 5396.56005859, -10.3682851791, 7.33705091476
        0.508, -0.00284261838533, 0.169981613755, 0.382128417492, -146.29536438, -229.352035522, 5393.74511719, -10.3647928238, 7.32037353516
        0.509, -0.00252574402839, 0.169673606753, 0.382075279951, -150.798156738, -228.971862793, 5390.83056641, -10.3604898453, 7.30284500122
         0.51, -0.00222947751172, 0.16940331459, 0.382002830505, -153.812866211, -228.584472656, 5387.80371094, -10.3554124832, 7.28451776505
        0.511, -0.00196591042913, 0.169166341424, 0.381913155317, -155.478607178, -228.191101074, 5384.65576172, -10.3496017456,  7.2654838562
        0.512, -0.00174119730946, 0.168948382139, 0.381807923317, -155.980438232, -227.792999268, 5381.38037109, -10.3430891037, 7.24585151672
        0.513, -0.00155703467317, 0.168731123209, 0.381687670946, -155.522766113, -227.39100647, 5377.97265625, -10.3358764648, 7.22572660446
        0.514, -0.00141246826388, 0.168499782681, 0.381552070379, -154.310012817, -226.985565186, 5374.42724609, -10.3279418945, 7.20519733429
        0.515, -0.00130521587562, 0.168248742819, 0.381400167942, -152.53553772, -226.576660156, 5370.73876953, -10.3192443848, 7.18433523178
        0.516, -0.00123208621517, 0.167982921004, 0.381230920553, -150.376434326, -226.164123535, 5366.90039062, -10.3097410202, 7.16319465637
        0.517, -0.00118860241491, 0.167714551091, 0.381043881178, -147.990264893, -225.747894287, 5362.90429688, -10.2994041443, 7.14182567596
        0.518, -0.00116835581139, 0.16745698452, 0.380839318037, -145.510360718, -225.328155518, 5358.74365234, -10.288228035, 7.12027597427
        0.519, -0.00116273318417, 0.167218655348, 0.380618095398, -143.038360596, -224.90536499, 5354.41162109, -10.2762269974, 7.09858942032
         0.52, -0.00116146390792, 0.166999563575, 0.380381345749, -140.63609314, -224.48008728, 5349.90332031, -10.263422966, 7.07680177689
        0.521, -0.00115402159281, 0.16679173708, 0.38012996316, -138.31993103, -224.052764893, 5345.21435547, -10.2498350143,  7.0549287796
        0.522, -0.00113149476238, 0.166583076119, 0.379864215851, -136.061248779, -223.623474121, 5340.34130859, -10.2354650497, 7.03295993805
        0.523, -0.00108830421232, 0.166362762451, 0.37958368659, -133.79486084, -223.191940308, 5335.27978516, -10.2202959061, 7.01085853577
        0.524, -0.00102318054996, 0.166125625372, 0.37928751111, -131.434417725, -222.757492065, 5330.02539062, -10.2042999268, 6.98856925964
        0.525, -0.000939097895753, 0.165873721242, 0.378974825144, -128.891235352, -222.319412231, 5324.57324219, -10.1874465942, 6.96602869034
        0.526, -0.000842254143208, 0.165614724159, 0.37864497304, -126.092414856, -221.877029419, 5318.91796875, -10.169713974, 6.94318294525
        0.527, -0.000740517047234, 0.165357872844, 0.378297865391, -122.993721008, -221.430007935, 5313.05517578, -10.1510944366, 6.91999769211
        0.528, -0.000641896273009, 0.165109723806, 0.377933889627, -119.585662842, -220.978378296, 5306.98144531, -10.1315975189, 6.89646339417
        0.529, -0.000553498626687, 0.164871186018, 0.377553611994, -115.892814636, -220.522384644, 5300.69628906, -10.1112394333, 6.87259435654
         0.53, -0.00048115424579, 0.164637476206, 0.377157568932, -111.968772888, -220.062408447, 5294.19873047, -10.0900344849, 6.84842300415
        0.531, -0.000429588195402, 0.164400413632, 0.376745790243, -107.889770508, -219.598770142, 5287.49072266, -10.0679893494, 6.82399129868
        0.532, -0.000402797217248, 0.164152160287, 0.376317918301, -103.749198914, -219.131622314, 5280.57421875, -10.0450973511, 6.79934597015
        0.533, -0.000404256687034, 0.163888528943, 0.375873208046, -99.6539154053, -218.660980225, 5273.45068359, -10.0213403702, 6.77453565598
        0.534, -0.000436729431385, 0.163610503078, 0.375410795212, -95.721572876, -218.186798096, 5266.12304688, -9.99670124054, 6.74961185455
        0.535, -0.000501691305544, 0.163323387504, 0.374930053949, -92.0771636963, -217.709091187, 5258.59228516, -9.97116565704, 6.72463178635
        0.536, -0.00059861317277, 0.163034185767, 0.374430686235, -88.8473510742, -217.228012085, 5250.86083984, -9.94473171234, 6.69965839386
        0.537, -0.000724441546481, 0.162748500705, 0.373912662268, -86.1518936157, -216.743911743, 5242.93212891, -9.91740703583, 6.67475700378
        0.538, -0.000873562414199, 0.162468135357, 0.373376309872, -84.0932922363, -216.257217407, 5234.80957031, -9.88920593262, 6.64999055862
        0.539, -0.00103834713809, 0.162190645933, 0.372821807861, -82.7466201782, -215.768325806, 5226.49707031, -9.86014461517, 6.62540864944
         0.54, -0.00121015147306, 0.161910697818, 0.372249126434, -82.1520462036, -215.277496338,          5218, -9.83023262024, 6.60104322433
        0.541, -0.00138127116952, 0.161624014378, 0.371657937765, -82.3118515015, -214.784713745, 5209.32177734, -9.79947185516,  6.5768995285
        0.542, -0.00154537544586, 0.161325111985, 0.371047645807, -83.1957015991, -214.289749146, 5200.46630859, -9.76785850525, 6.55296325684
        0.543, -0.00169701513369, 0.161015495658, 0.370417565107, -84.7476501465, -213.792205811,     5191.4375, -9.73538303375, 6.52920007706
        0.544, -0.00183273875155, 0.160700038075, 0.369767129421, -86.8907394409, -213.291687012, 5182.23779297, -9.70204353333, 6.50556659698
        0.545, -0.00195030088071, 0.16038556397, 0.369096159935, -89.5361862183, -212.787841797, 5172.87109375, -9.66784667969, 6.48201465607
