Time,Kappa_L1,Alpha_L1,Gamma_L1,Fx_L1,Fy_L1,Fz_L1,Mx_L1,My_L1,Mz_L1
            0,            -1,            -6,             0, -3191.55883789, 659.123535156,          4000, -14.4909992218,             0, 0.589942514896
        0.025, -0.990000009537,            -6,             0, -3195.42138672,  667.30859375,          4000, -14.5386371613, -0.153119936585, 0.617459535599
         0.05, -0.980000019073,            -6,             0,    -3199.3125, 675.636657715,          4000, -14.5871076584, -0.306207835674, 0.644986152649
        0.075, -0.97000002861,            -6,             0, -3203.23120117,  684.11126709,          4000, -14.636431694, -0.459231674671, 0.672509551048
          0.1, -0.959999978542,            -6,             0, -3207.17724609,  692.73638916,          4000, -14.686630249, -0.612159490585, 0.700016021729
        0.125, -0.949999988079,            -6,             0, -3211.14990234, 701.515930176,          4000, -14.7377281189, -0.764959156513, 0.727490842342
         0.15, -0.939999997616,            -6,             0, -3215.14819336, 710.453979492,          4000, -14.7897481918, -0.91759878397, 0.754918336868
        0.175, -0.930000007153,            -6,             0, -3218.46923828, 719.208740234,          4000, -14.8376255035, -1.06984746456, 0.780552566051
          0.2, -0.920000016689,            -6,             0, -3222.80297852, 728.616027832,          4000, -14.8936252594, -1.22213578224, 0.808535397053
        0.225, -0.910000026226,            -6,             0, -3227.16015625, 738.197937012,          4000, -14.9506521225, -1.3741915226, 0.836422979832
         0.25, -0.899999976158,            -6,             0, -3231.53930664, 747.959289551,          4000, -15.0087337494, -1.52598297596, 0.864194393158
        0.275, -0.889999985695,            -6,             0, -3235.93920898, 757.904968262,          4000, -15.067899704, -1.67747831345, 0.891827106476
          0.3, -0.879999995232,            -6,             0, -3240.35864258, 768.040161133,          4000, -15.1281805038, -1.82864582539, 0.919296979904
        0.325, -0.870000004768,            -6,             0, -3243.77197266, 777.835632324,          4000, -15.1819105148, -1.97891783714, 0.944006741047
         0.35, -0.860000014305,            -6,             0, -3247.93579102, 788.208251953,          4000, -15.2422800064, -2.12913155556, 0.970336973667
        0.375, -0.850000023842,            -6,             0, -3252.11352539, 798.783630371,          4000, -15.3038282394, -2.27889966965, 0.996417462826
          0.4, -0.839999973774,            -6,             0, -3256.30273438, 809.567626953,          4000, -15.3665904999, -2.42819094658, 1.02221703529
        0.425, -0.829999983311,            -6,             0, -3260.5012207,  820.56628418,          4000, -15.4306020737, -2.57697415352, 1.04770255089
         0.45, -0.819999992847,            -6,             0, -3264.70654297, 831.785949707,          4000, -15.4959001541, -2.72521805763, 1.07283830643
        0.475, -0.810000002384,            -6,             0, -3268.91601562, 843.233154297,          4000, -15.5625228882, -2.87289166451, 1.09758603573
          0.5, -0.800000011921,            -6,             0, -3273.12646484, 854.914733887,          4000, -15.6305093765, -3.01996421814, 1.12190496922
        0.525, -0.790000021458,            -6,             0, -3277.33496094,  866.83770752,          4000, -15.6999006271, -3.16640496254, 1.14575123787
         0.55, -0.77999997139,            -6,             0, -3281.53759766, 879.009521484,          4000, -15.7707395554, -3.31218314171, 1.16907787323
        0.575, -0.769999980927,            -6,             0, -3285.73095703, 891.437805176,          4000, -15.8430719376, -3.45726799965, 1.19183468819
          0.6, -0.759999990463,            -6,             0, -3289.91064453, 904.130493164,          4000, -15.9169425964, -3.60162973404, 1.21396780014
        0.625,         -0.75,            -6,             0, -3294.07202148, 917.095825195,          4000, -15.9924001694, -3.74523758888, 1.23541939259
         0.65, -0.740000009537,            -6,             0, -3298.21044922, 930.342407227,          4000, -16.0694961548, -3.88806200027, 1.25612735748
        0.675, -0.730000019073,            -6,             0, -3302.32055664, 943.879272461,          4000, -16.1482791901, -4.03007268906, 1.27602517605
          0.7, -0.72000002861,            -6,             0, -3306.39648438, 957.715759277,          4000, -16.2288074493, -4.17124032974, 1.29504144192
        0.725, -0.709999978542,            -6,             0, -3310.43188477,  971.86151123,          4000, -16.3111362457, -4.31153488159, 1.31309938431
         0.75, -0.699999988079,            -6,             0, -3314.42016602, 986.326660156,          4000, -16.3953227997, -4.45092725754, 1.33011651039
        0.775, -0.689999997616,            -6,             0, -3318.35375977, 1001.12188721,          4000, -16.4814300537, -4.58938837051, 1.34600436687
          0.8, -0.680000007153,            -6,             0, -3322.22485352, 1016.25805664,          4000, -16.5695228577, -4.72688913345, 1.36066746712
        0.825, -0.670000016689,            -6,             0, -3326.0246582,  1031.7467041,          4000, -16.6596679688, -4.86340045929, 1.37400329113
         0.85, -0.660000026226,            -6,             0, -3329.74365234, 1047.59985352,          4000, -16.7519340515, -4.99889469147, 1.38590145111
        0.875, -0.649999976158,            -6,             0, -3333.37231445, 1063.82995605,          4000, -16.8463935852, -5.13334226608, 1.39624273777
          0.9, -0.639999985695,            -6,             0, -3336.89892578, 1080.44995117,          4000, -16.9431228638, -5.26671600342, 1.40489888191
        0.925, -0.629999995232,            -6,             0, -3340.31201172, 1097.47363281,          4000, -17.0422019958, -5.39898777008, 1.41173148155
         0.95, -0.620000004768,            -6,             0, -3343.59863281, 1114.91503906,          4000, -17.1437129974, -5.53012990952, 1.41659104824
        0.975, -0.610000014305,            -6,             0, -3346.74487305, 1132.78918457,          4000, -17.2477436066, -5.66011476517,  1.4193161726
            1, -0.600000023842,            -6,             0, -3349.7355957, 1151.11157227,          4000, -17.3543815613, -5.78891515732,  1.4197319746
        1.025, -0.589999973774,            -6,             0, -3352.55419922, 1169.89819336,          4000, -17.4637241364, -5.91650390625, 1.41764962673
         1.05, -0.579999983311,            -6,             0, -3355.18359375, 1189.16625977,          4000, -17.5758666992, -6.04285526276, 1.41286420822
        1.075, -0.569999992847,            -6,             0, -3357.60424805, 1208.93347168,          4000, -17.6909160614, -6.16794157028, 1.40515387058
          1.1, -0.560000002384,            -6,             0, -3359.79541016, 1229.21813965,          4000, -17.8089790344, -6.29173755646, 1.39427769184
        1.125, -0.550000011921,            -6,             0, -3361.73510742, 1250.03991699,          4000, -17.9301662445, -6.41421699524, 1.37997376919
         1.15, -0.540000021458,            -6,             0, -3363.39868164, 1271.41882324,          4000, -18.0545978546, -6.53535366058, 1.36195766926
        1.175, -0.52999997139,            -6,             0, -3364.76049805, 1293.37609863,          4000, -18.1823978424, -6.6551232338,  1.3399194479
          1.2, -0.519999980927,            -6,             0, -3365.79174805, 1315.93395996,          4000, -18.3136920929, -6.7735004425, 1.31352138519
        1.225, -0.509999990463,            -6,             0, -3366.4621582, 1339.11560059,          4000, -18.4486179352, -6.89046001434, 1.28239500523
         1.25,          -0.5,            -6,             0, -3366.73852539, 1362.94519043,          4000, -18.5873184204, -7.00597763062, 1.24613761902
        1.275, -0.490000009537,            -6,             0, -3366.58520508, 1387.44812012,          4000, -18.7299365997, -7.12002944946, 1.20430886745
          1.3, -0.479999989271,            -6,             0, -3365.96362305, 1412.65075684,          4000, -18.8766288757, -7.23259115219, 1.15642654896
        1.325, -0.469999998808,            -6,             0, -3364.83178711, 1438.58081055,          4000, -19.027557373, -7.34363937378,  1.1019616127
         1.35, -0.460000008345,            -6,             0, -3363.14453125, 1465.26708984,          4000, -19.1828899384, -7.45315074921, 1.04033303261
        1.375, -0.449999988079,            -6,             0, -3360.85351562, 1492.73986816,          4000, -19.3428001404, -7.56110286713, 0.970902264118
          1.4, -0.439999997616,            -6,             0,   -3357.90625, 1521.03039551,          4000, -19.5074710846, -7.66747283936,  0.8929656744
        1.425, -0.430000007153,            -6,             0, -3354.24560547, 1550.17150879,          4000, -19.6770954132, -7.77223825455, 0.805747747421
         1.45, -0.419999986887,            -6,             0, -3349.81054688, 1580.19702148,          4000, -19.8518695831, -7.87537717819, 0.708392083645
        1.475, -0.409999996424,            -6,             0, -3344.53491211, 1611.14245605,          4000, -20.0320014954, -7.97686767578, 0.59995174408
          1.5, -0.40000000596,            -6,             0, -3338.34765625, 1643.04431152,          4000, -20.2177028656, -8.07668972015, 0.47937849164
        1.525, -0.389999985695,            -6,             0,  -3331.171875, 1675.94042969,          4000, -20.4091930389, -8.17482089996, 0.345510303974
         1.55, -0.379999995232,            -6,             0, -3322.92480469, 1709.86975098,          4000, -20.6067008972, -8.27124214172, 0.197057664394
        1.575, -0.370000004768,            -6,             0, -3313.51757812, 1744.87243652,          4000, -20.810459137, -8.3659324646, 0.0325880199671
          1.6, -0.360000014305,            -6,             0, -3302.85375977, 1780.98925781,          4000, -21.0207061768, -8.45887184143, -0.149491548538
        1.625, -0.34999999404,            -6,             0, -3290.83032227, 1818.26196289,          4000, -21.2376842499, -8.55004119873, -0.350953578949
         1.65, -0.340000003576,            -6,             0, -3277.3359375, 1856.73254395,          4000, -21.4616413116, -8.63942146301, -0.573771476746
        1.675, -0.330000013113,            -6,             0, -3262.25048828, 1896.44287109,          4000, -21.6928195953, -8.72699451447, -0.820142805576
          1.7, -0.319999992847,            -6,             0, -3245.4453125, 1937.43481445,          4000, -21.9314613342, -8.81274032593, -1.09251451492
        1.725, -0.310000002384,            -6,             0, -3226.78100586, 1979.74865723,          4000, -22.1778049469, -8.89664268494, -1.39360964298
         1.75, -0.300000011921,            -6,             0, -3206.1081543, 2023.42321777,          4000, -22.4320755005, -8.97868251801, -1.72645521164
        1.775, -0.289999991655,            -6,             0, -3183.26489258, 2068.49414062,          4000, -22.694480896, -9.05884456635, -2.09441065788
          1.8, -0.280000001192,            -6,             0, -3158.07666016, 2114.99365234,          4000, -22.9652099609, -9.13710975647, -2.50119447708
        1.825, -0.270000010729,            -6,             0, -3130.35449219, 2162.94750977,          4000, -23.2444133759, -9.21346378326, -2.95090794563
         1.85, -0.259999990463,            -6,             0, -3099.89404297, 2212.37524414,          4000, -23.5322036743, -9.28788948059, -3.44805264473
        1.875,         -0.25,            -6,             0, -3066.47241211, 2263.28540039,          4000, -23.8286342621, -9.36037158966, -3.9975373745
          1.9, -0.239999994636,            -6,             0, -3029.84716797, 2315.67553711,          4000, -24.1336898804, -9.43089485168, -4.60466766357
        1.925, -0.230000004172,            -6,             0, -2989.75195312, 2369.52661133,          4000, -24.4472618103, -9.49944496155, -5.27511072159
         1.95, -0.219999998808,            -6,             0, -2945.89526367, 2424.80029297,          4000, -24.7691268921, -9.56600761414, -6.01482343674
        1.975, -0.209999993443,            -6,             0, -2897.95410156, 2481.43457031,          4000, -25.0989246368, -9.63056755066, -6.82993078232
            2, -0.20000000298,            -6,             0, -2845.5703125,  2539.3371582,          4000, -25.4361209869, -9.69311237335, -7.72653198242
        2.025, -0.189999997616,            -6,             0, -2788.34521484, 2598.38110352,          4000, -25.7799739838, -9.75362873077, -8.71041297913
         2.05, -0.180000007153,            -6,             0, -2725.83178711, 2658.39672852,          4000, -26.1294994354, -9.81210422516, -9.78663730621
        2.075, -0.170000001788,            -6,             0, -2657.52880859, 2719.16503906,          4000, -26.4834213257, -9.86852645874, -10.9589805603
          2.1, -0.159999996424,            -6,             0, -2582.87329102, 2780.41015625,          4000, -26.8401317596, -9.92288398743, -12.229174614
        2.125, -0.15000000596,            -6,             0, -2501.23291016, 2841.79150391,          4000, -27.1976509094, -9.97516441345, -13.5959291458
         2.15, -0.140000000596,            -6,             0, -2411.90161133, 2902.89770508,          4000, -27.5535793304, -10.0253572464, -15.0537118912
        2.175, -0.129999995232,            -6,             0, -2314.09643555, 2963.24121094,          4000, -27.9050807953, -10.0734519958, -16.5912818909
          2.2, -0.119999997318,            -6,             0, -2206.96313477, 3022.25708008,          4000, -28.2488594055, -10.1194391251, -18.1900405884
        2.225, -0.109999999404,            -6,             0, -2089.58886719, 3079.30444336,          4000, -28.5811824799, -10.1633090973, -19.8222885132
         2.25, -0.10000000149,            -6,             0, -1961.02954102, 3133.67504883,          4000, -28.8979206085, -10.2050514221, -21.4496021271
        2.275, -0.0900000035763,            -6,             0, -1820.35864258, 3184.60742188,          4000, -29.1946411133, -10.2446584702, -23.0216560364
          2.3, -0.0799999982119,            -6,             0, -1666.73681641, 3231.31152344,          4000, -29.4667320251, -10.2821216583, -24.4758739471
        2.325, -0.070000000298,            -6,             0, -1499.51025391, 3272.99731445,          4000, -29.7095890045, -10.3174333572, -25.7384300232
         2.35, -0.0599999986589,            -6,             0, -1318.33483887, 3308.91235352,          4000, -29.9188270569, -10.3505859375, -26.7270278931
        2.375, -0.0500000007451,            -6,             0, -1123.31530762, 3338.37768555,          4000, -30.0904865265, -10.3815727234, -27.355764389
          2.4, -0.0399999991059,            -6,             0, -915.144470215, 3360.81958008,          4000, -30.2212200165, -10.4103870392, -27.541973114
        2.425, -0.0299999993294,            -6,             0, -695.211242676, 3375.78662109,          4000, -30.3083972931, -10.4370222092, -27.2144985199
         2.45, -0.019999999553,            -6,             0, -465.645996094, 3382.95288086,          4000, -30.3501148224, -10.461473465, -26.3222961426
        2.475, -0.00999999977648,            -6,             0, -229.272369385, 3382.10888672,          4000, -30.3451538086, -10.4837350845, -24.8418903351
          2.5, 7.52869988574e-16,            -6,             0, 10.5482635498, 3373.16430664,          4000, -30.2929859161, -10.5038032532, -22.782169342
        2.525, 0.00999999977648,            -6,             0, 250.166717529, 3356.17285156,          4000, -30.1939277649, -10.5216732025, -20.1852931976
         2.55, 0.019999999553,            -6,             0, 485.950836182, 3331.37548828,          4000, -30.0493831635, -10.5373420715, -17.1233081818
        2.575, 0.0299999993294,            -6,             0, 714.586364746, 3299.23071289,          4000, -29.8620300293, -10.5508050919, -13.6910152435
          2.6, 0.0399999991059,            -6,             0,  933.31842041, 3260.40722656,          4000, -29.6357631683, -10.5620594025, -9.99654865265
        2.625, 0.0500000007451,            -6,             0, 1140.09606934, 3215.73046875,          4000, -29.3754024506, -10.5711050034, -6.15146064758
         2.65, 0.0599999986589,            -6,             0, 1333.60961914, 3166.11254883,          4000, -29.0862579346, -10.5779371262, -2.26193118095
        2.675, 0.070000000298,            -6,             0, 1513.23754883, 3112.48095703,          4000, -28.7737407684, -10.5825557709,  1.5778696537
          2.7, 0.0799999982119,            -6,             0, 1678.93322754, 3055.72558594,          4000, -28.4430408478, -10.5849609375, 5.28988552094
        2.725, 0.0900000035763,            -6,             0, 1831.08435059, 2996.66650391,          4000, -28.0989322662, -10.5853338242, 8.81386375427
         2.75, 0.10000000149,            -6,             0,  1970.3737793, 2936.03417969,          4000, -27.7456741333, -10.5853185654, 12.1070814133
        2.775, 0.109999999404,            -6,             0, 2097.65771484, 2874.46386719,          4000, -27.3869686127, -10.5853033066, 15.1427021027
          2.8, 0.119999997318,            -6,             0, 2213.87109375, 2812.49682617,          4000, -27.0259666443, -10.5852870941, 17.9073600769
        2.825, 0.129999995232,            -6,             0, 2319.95825195, 2750.58447266,          4000, -26.6653003693, -10.5852718353, 20.3984451294
         2.85, 0.140000000596,            -6,             0, 2416.82788086, 2689.09765625,          4000, -26.3071269989, -10.5852556229, 22.6214694977
        2.875, 0.15000000596,            -6,             0, 2505.32836914,  2628.3347168,          4000, -25.9531860352, -10.5852394104, 24.5876941681
          2.9, 0.159999996424,            -6,             0, 2586.23339844, 2568.53100586,          4000, -25.604845047, -10.5852231979, 26.3121566772
        2.925, 0.170000001788,            -6,             0, 2660.24121094, 2509.86791992,          4000, -25.2631607056, -10.5852069855, 27.8120918274
         2.95, 0.180000007153,            -6,             0, 2727.97436523, 2452.48144531,          4000, -24.9289226532, -10.5851898193, 29.1057415009
        2.975, 0.189999997616,            -6,             0, 2789.98803711,  2396.4699707,          4000, -24.6027050018, -10.5851736069, 30.2114868164
            3, 0.20000000298,            -6,             0, 2846.77539062, 2341.89990234,          4000, -24.2848892212, -10.5851564407, 31.1472511292
        3.025, 0.209999993443,            -6,             0, 2898.77563477, 2288.81225586,          4000, -23.9757194519, -10.5851392746, 31.9300956726
         3.05, 0.219999998808,            -6,             0,  2946.3815918,  2237.2277832,          4000, -23.6753101349, -10.5851221085,  32.576007843
        3.075, 0.230000004172,            -6,             0, 2989.94555664, 2187.15039062,          4000, -23.3836860657, -10.5851049423, 33.0997543335
          3.1, 0.239999994636,            -6,             0, 3029.78491211,  2138.5715332,          4000, -23.1007957458, -10.5850868225, 33.5148658752
        3.125,          0.25,            -6,             0,     3066.1875, 2091.47241211,          4000, -22.8265266418, -10.5850696564, 33.8336257935
         3.15, 0.259999990463,            -6,             0, 3099.41479492, 2045.82592773,          4000, -22.5607242584, -10.5850515366,  34.067150116
        3.175, 0.270000010729,            -6,             0, 3129.70629883, 2001.60009766,          4000, -22.3031978607, -10.5850334167, 34.2254219055
          3.2, 0.280000001192,            -6,             0, 3157.28149414, 1958.75817871,          4000, -22.053735733, -10.5850152969,  34.317401886
        3.225, 0.289999991655,            -6,             0, 3182.34228516, 1917.26086426,          4000, -21.8121051788, -10.5849971771, 34.3510971069
         3.25, 0.300000011921,            -6,             0, 3205.07519531, 1877.06677246,          4000, -21.5780677795, -10.5849781036, 34.3336524963
        3.275, 0.310000002384,            -6,             0, 3225.65283203, 1838.13330078,          4000, -21.3513736725, -10.5849599838, 34.2714347839
          3.3, 0.319999992847,            -6,             0, 3244.23510742, 1800.41748047,          4000, -21.1317749023, -10.5849409103, 34.1701011658
        3.325, 0.330000013113,            -6,             0,  3260.9699707, 1763.87658691,          4000, -20.9190177917, -10.5849218369, 34.0346908569
         3.35, 0.340000003576,            -6,             0, 3275.99511719, 1728.46801758,          4000, -20.7128543854, -10.5849027634, 33.8696708679
        3.375, 0.34999999404,            -6,             0, 3289.43823242, 1694.14978027,          4000, -20.5130443573, -10.5848836899, 33.6790046692
          3.4, 0.360000014305,            -6,             0, 3301.41845703, 1660.88122559,          4000, -20.3193454742, -10.5848636627,  33.466217041
        3.425, 0.370000004768,            -6,             0, 3312.04589844, 1628.62243652,          4000, -20.1315288544, -10.5848445892, 33.2344245911
         3.45, 0.379999995232,            -6,             0,  3321.4230957, 1597.33483887,          4000, -19.9493675232, -10.5848245621, 32.9863929749
        3.475, 0.389999985695,            -6,             0, 3329.64550781,  1566.9810791,          4000, -19.772644043, -10.5848045349,  32.724571228
          3.5, 0.40000000596,            -6,             0, 3336.80126953, 1537.52514648,          4000, -19.6011505127, -10.5847845078, 32.4511299133
        3.525, 0.409999996424,            -6,             0, 3342.97265625, 1508.93237305,          4000, -19.4346809387, -10.5847635269, 32.1679916382
         3.55, 0.419999986887,            -6,             0, 3348.23608398, 1481.16931152,          4000, -19.2730445862, -10.5847434998, 31.8768501282
        3.575, 0.430000007153,            -6,             0, 3352.66235352, 1454.20410156,          4000, -19.1160526276, -10.5847225189, 31.5792121887
          3.6, 0.439999997616,            -6,             0, 3356.31689453, 1428.00585938,          4000, -18.9635295868, -10.5847024918, 31.2764053345
        3.625, 0.449999988079,            -6,             0, 3359.26049805, 1402.54541016,          4000, -18.8152999878, -10.5846815109, 30.9696006775
         3.65, 0.460000008345,            -6,             0, 3361.55004883, 1377.79443359,          4000, -18.6712017059, -10.5846595764, 30.6598358154
        3.675, 0.469999998808,            -6,             0, 3363.23730469, 1353.72595215,          4000, -18.5310764313, -10.5846385956, 30.3480224609
          3.7, 0.479999989271,            -6,             0, 3364.37133789, 1330.31433105,          4000, -18.394777298, -10.5846176147, 30.0349636078
        3.725, 0.490000009537,            -6,             0, 3364.99633789, 1307.53479004,          4000, -18.2621574402, -10.5845956802, 29.7213668823
         3.75,           0.5,            -6,             0, 3365.15429688,  1285.3638916,          4000, -18.1330795288, -10.5845737457, 29.4078502655
        3.775, 0.509999990463,            -6,             0, 3364.88330078, 1263.77880859,          4000, -18.0074138641, -10.5845518112, 29.0949611664
          3.8, 0.519999980927,            -6,             0, 3364.21948242, 1242.75830078,          4000, -17.8850345612, -10.5845298767, 28.7831726074
        3.825, 0.52999997139,            -6,             0,  3363.1953125, 1222.28161621,          4000, -17.7658214569, -10.5845069885, 28.4729003906
         3.85, 0.540000021458,            -6,             0, 3361.84155273, 1202.32910156,          4000, -17.6496601105, -10.584485054, 28.1645069122
        3.875, 0.550000011921,            -6,             0, 3360.18603516, 1182.88195801,          4000, -17.536441803, -10.5844621658, 27.8583030701
          3.9, 0.560000002384,            -6,             0, 3358.25512695, 1163.92211914,          4000, -17.4260578156, -10.5844392776,  27.554561615
        3.925, 0.569999992847,            -6,             0, 3356.07299805, 1145.43237305,          4000, -17.3184127808, -10.5844163895, 27.2535152435
         3.95, 0.579999983311,            -6,             0, 3353.66186523, 1127.39624023,          4000, -17.2134075165, -10.5843935013, 26.9553623199
        3.975, 0.589999973774,            -6,             0, 3351.04223633,  1109.7980957,          4000, -17.1109523773, -10.5843706131, 26.6602687836
            4, 0.600000023842,            -6,             0,  3348.2331543, 1092.62268066,          4000, -17.0109558105, -10.5843467712, 26.3683815002
        4.025, 0.610000014305,            -6,             0, 3345.25219727, 1075.85559082,          4000, -16.9133396149, -10.5843229294, 26.0798149109
         4.05, 0.620000004768,            -6,             0,  3342.1159668,  1059.4831543,          4000, -16.8180179596, -10.5842990875, 25.7946681976
        4.075, 0.629999995232,            -6,             0, 3338.83911133, 1043.49194336,          4000, -16.7249164581, -10.5842752457, 25.5130214691
          4.1, 0.639999985695,            -6,             0, 3335.43603516, 1027.86950684,          4000, -16.6339607239, -10.5842514038, 25.2349319458
        4.125, 0.649999976158,            -6,             0, 3331.91894531, 1012.60339355,          4000, -16.5450801849, -10.5842266083, 24.9604530334
         4.15, 0.660000026226,            -6,             0, 3328.30029297, 997.682189941,          4000, -16.4582061768, -10.5842027664, 24.6896133423
        4.175, 0.670000016689,            -6,             0, 3324.59057617, 983.094726562,          4000, -16.3732757568, -10.5841779709, 24.4224395752
          4.2, 0.680000007153,            -6,             0, 3320.80004883,  968.83013916,          4000, -16.2902240753, -10.5841531754, 24.1589431763
        4.225, 0.689999997616,            -6,             0, 3316.93847656, 954.878356934,          4000, -16.2089939117, -10.5841283798, 23.8991279602
         4.25, 0.699999988079,            -6,             0, 3313.01391602, 941.229370117,          4000, -16.1295261383, -10.5841026306,  23.642988205
        4.275, 0.709999978542,            -6,             0, 3309.03466797, 927.873779297,          4000, -16.0517654419, -10.5840778351, 23.3905162811
          4.3, 0.72000002861,            -6,             0, 3305.00805664, 914.802429199,          4000, -15.9756584167, -10.5840520859, 23.1416912079
        4.325, 0.730000019073,            -6,             0, 3300.94067383, 902.006713867,          4000, -15.9011564255, -10.5840263367,  22.896490097
         4.35, 0.740000009537,            -6,             0, 3296.83886719, 889.478210449,          4000, -15.828209877, -10.5840005875, 22.6548900604
        4.375,          0.75,            -6,             0, 3292.70874023,  877.20880127,          4000, -15.7567710876, -10.5839748383, 22.4168567657
          4.4, 0.759999990463,            -6,             0, 3288.55517578, 865.190734863,          4000, -15.6867952347, -10.5839481354, 22.1823558807
        4.425, 0.769999980927,            -6,             0, 3284.38305664, 853.416687012,          4000, -15.6182394028, -10.5839223862, 21.9513511658
         4.45, 0.77999997139,            -6,             0, 3280.19726562, 841.879333496,          4000, -15.5510616302, -10.5838956833, 21.7238006592
        4.475, 0.790000021458,            -6,             0, 3276.00195312, 830.571838379,          4000, -15.4852209091, -10.5838689804, 21.4996643066
          4.5, 0.800000011921,            -6,             0, 3271.80053711, 819.487609863,          4000, -15.4206800461, -10.5838422775, 21.2788944244
        4.525, 0.810000002384,            -6,             0, 3267.59667969, 808.620178223,          4000, -15.3574008942, -10.5838155746, 21.0614490509
         4.55, 0.819999992847,            -6,             0, 3263.39379883, 797.963439941,          4000, -15.2953481674, -10.5837879181,  20.847278595
        4.575, 0.829999983311,            -6,             0, 3259.19482422, 787.511474609,          4000, -15.2344865799, -10.5837602615, 20.6363372803
          4.6, 0.839999973774,            -6,             0, 3255.00244141, 777.258483887,          4000, -15.1747837067, -10.5837335587, 20.4285755157
        4.625, 0.850000023842,            -6,             0, 3251.68481445, 767.629882812,          4000, -15.1225757599, -10.5861463547, 20.2377738953
         4.65, 0.860000014305,            -6,             0, 3247.52319336,  757.75958252,          4000, -15.0651302338, -10.5861473083, 20.0362701416
        4.675, 0.870000004768,            -6,             0,      3243.375,  748.07232666,          4000, -15.0087499619, -10.5861473083, 19.8377971649
          4.7, 0.879999995232,            -6,             0,  3239.2421875, 738.563232422,          4000, -14.9534063339, -10.586148262, 19.6423072815
        4.725, 0.889999985695,            -6,             0, 3235.12646484, 729.227478027,          4000, -14.8990716934, -10.5861492157, 19.4497470856
         4.75, 0.899999976158,            -6,             0, 3231.02929688, 720.060424805,          4000, -14.8457193375, -10.5861501694, 19.2600688934
        4.775, 0.910000026226,            -6,             0, 3226.95239258, 711.057739258,          4000, -14.7933235168, -10.5861501694,  19.073223114
          4.8, 0.920000016689,            -6,             0, 3222.89697266, 702.215026855,          4000, -14.741859436, -10.586151123, 18.8891601562
        4.825, 0.930000007153,            -6,             0, 3218.86425781, 693.528198242,          4000, -14.6913022995, -10.5861520767, 18.7078323364
         4.85, 0.939999997616,            -6,             0, 3214.85522461, 684.993164062,          4000, -14.6416282654, -10.5861520767, 18.5291919708
        4.875, 0.949999988079,            -6,             0, 3210.87084961, 676.606140137,          4000, -14.5928163528, -10.5861530304, 18.3531894684
          4.9, 0.959999978542,            -6,             0, 3206.91210938,  668.36328125,          4000,  -14.54484272, -10.5861539841, 18.1797771454
        4.925, 0.97000002861,            -6,             0, 3202.97973633, 660.261047363,          4000, -14.4976882935, -10.5861549377, 18.0089111328
         4.95, 0.980000019073,            -6,             0, 3199.07446289, 652.295898438,          4000, -14.4513320923, -10.5861549377, 17.8405418396
        4.975, 0.990000009537,            -6,             0, 3195.19702148, 644.464416504,          4000, -14.4057531357, -10.5861558914, 17.6746273041
            5,             1,            -6,             0, 3191.34765625, 636.763366699,          4000, -14.3609342575, -10.5861568451, 17.5111198425
